"User2";"User1";"Correlation";"PartyUser1";"PartyUser2";"User1_UserName";"User2_UserName"
"103082651";"1006325990";"0.5768980";"PS";"PCF";"luccarvounas";"Slaborde33"
"117798111";"103082651";"0.5325517";"PCF";"PS";"Slaborde33";"JLGagnaire"
"117798111";"1006325990";"0.5676277";"PS";"PS";"luccarvounas";"JLGagnaire"
"118341297";"1005885764";"0.5492802";"PS";"PS";"angersps";"Rita_Maalouf_"
"1184256836";"110521463";"0.5363191";"Gauche";"UMP";"PatricePrat";"PierreGaboriau"
"127643327";"104921164";"0.5372061";"PS";"PS";"VincentGuibert";"luniseMarquis"
"1358830140";"1093208600";"0.6761779";"UMP";"UMP";"j_ump75";"LamureE"
"1358830140";"111323397";"0.5956742";"UMP";"UMP";"Francoispinte";"LamureE"
"1358847770";"111323397";"0.6532529";"UMP";"UMP";"Francoispinte";"CDeroche_Senat"
"1358847770";"1358830140";"0.6359908";"UMP";"UMP";"LamureE";"CDeroche_Senat"
"1429821811";"1149260660";"0.7390972";"UMP";"UMP";"TheveninPatrick";"mhdesesgaulx"
"14658057";"118341297";"0.6090003";"PS";"PS";"Rita_Maalouf_";"jccambadelis"
"14658057";"117798111";"0.5759819";"PS";"PS";"JLGagnaire";"jccambadelis"
"147974770";"132465432";"0.6557703";"Droite";"UMP";"ACTIFSPACACORSE,PhilippeMemoli";"jacky_deromedi"
"147974770";"1004071460";"0.5515777";"UMP";"UMP";"agneslebrun";"jacky_deromedi"
"1490528762";"116229959";"0.6912690";"UMP";"Droite";"solere92";"LePCD95"
"1543186440";"1316528215";"0.5136271";"UMP";"centre";"LArribage";"udi_an"
"1567830938";"1369725133";"0.5416048";"UMP";"UMP";"marielaureharel";"NKMavecle9eme"
"162780631";"1490528762";"0.8555385";"Droite";"Droite";"LePCD95";"chjamin"
"162780631";"116229959";"0.5874570";"UMP";"Droite";"solere92";"chjamin"
"16697806";"151043323";"0.5517346";"Media";"PS";"msoudais";"DamienMariller"
"18167178";"132465432";"0.6030870";"Droite";"Media";"ACTIFSPACACORSE,PhilippeMemoli";"laprovence"
"18167178";"111887233";"0.5045551";"PS";"Media";"MASSEFLO13013";"laprovence"
"18578222";"104921164";"0.6576446";"PS";"Gauche";"VincentGuibert";"larrouturou"
"187508945";"1543776073";"0.6108182";"centre";"centre";"UDI_ardeche";"Sophie_Auconie"
"19068355";"189815209";"0.5113352";"FN";"centre";"david_rachline";"democratesIDF"
"194114947";"106851687";"0.5600428";"centre";"Droite";"MarieLaurent29";"CBeigbeder"
"198828368";"14658057";"0.7035585";"PS";"PS";"jccambadelis";"ideashumanumest"
"198828368";"118341297";"0.5182967";"PS";"PS";"Rita_Maalouf_";"ideashumanumest"
"198828368";"117798111";"0.6254906";"PS";"PS";"JLGagnaire";"ideashumanumest"
"19900973";"198828368";"0.5073065";"PS";"PS";"ideashumanumest";"partisocialiste"
"19900973";"14658057";"0.6972652";"PS";"PS";"jccambadelis";"partisocialiste"
"19900973";"118341297";"0.7899357";"PS";"PS";"Rita_Maalouf_";"partisocialiste"
"19900973";"1005885764";"0.7102122";"PS";"PS";"angersps";"partisocialiste"
"204368725";"127080300";"0.5150248";"ExtremeDroite";"PCF";"Gabriac";"IanBrossat"
"204368725";"1589648886";"0.5928695";"PS";"PCF";"TousAvecAnne,TousAvecHamon";"IanBrossat"
"205401299";"1589648886";"0.7548720";"PS";"PS";"TousAvecAnne,TousAvecHamon";"CBrossel"
"20702279";"116565781";"0.5334811";"UMP";"UMP";"Olaurentjoye";"nk_m"
"20702279";"1369725133";"0.6591008";"UMP";"UMP";"marielaureharel";"nk_m"
"20702279";"1567830938";"0.8029602";"UMP";"UMP";"NKMavecle9eme";"nk_m"
"21302947";"198828368";"0.5432661";"PS";"PS";"ideashumanumest";"PierreKanuty"
"21302947";"14658057";"0.7760823";"PS";"PS";"jccambadelis";"PierreKanuty"
"218144431";"147974770";"0.6436991";"UMP";"UMP";"jacky_deromedi";"Sylvie_Ramond"
"223847367";"217749896";"0.5100226";"FN";"FN";"MLP_officiel";"Lilian7130"
"223847367";"189815209";"0.5124693";"FN";"FN";"david_rachline";"Lilian7130"
"231522846";"116229959";"0.6302891";"UMP";"Droite";"solere92";"jeunespcd"
"231522846";"1490528762";"0.8257120";"Droite";"Droite";"LePCD95";"jeunespcd"
"231522846";"162780631";"0.9090053";"Droite";"Droite";"chjamin";"jeunespcd"
"232511465";"102458467";"0.5344710";"UMP";"UMP";"emorinchartier";"JBLemoyne"
"232511465";"132465432";"0.6600851";"Droite";"UMP";"ACTIFSPACACORSE,PhilippeMemoli";"JBLemoyne"
"2347360369";"223847367";"0.5216405";"FN";"FN";"Lilian7130";"Bernard_Monot"
"2347360369";"137253079";"0.5363558";"Media";"FN";"LaTribune";"Bernard_Monot"
"2347360369";"11911322";"0.5258051";"UMP";"FN";"philippejuvin";"Bernard_Monot"
"239867102";"194114947";"0.5516174";"Droite";"UMP";"CBeigbeder";"G_Peltier"
"239867102";"106851687";"0.7719135";"centre";"UMP";"MarieLaurent29";"G_Peltier"
"2443718293";"232144955";"0.6009691";"UMP";"FN";"Valerie_LOISEL";"nicolasbayfn"
"2443718293";"194114947";"0.5761405";"Droite";"FN";"CBeigbeder";"nicolasbayfn"
"244890770";"204368725";"0.5036508";"PCF";"Gauche";"IanBrossat";"erwannbinet"
"245290570";"147974770";"0.7247552";"UMP";"UMP";"jacky_deromedi";"arnaudjulien34"
"245290570";"1004071460";"0.6602368";"UMP";"UMP";"agneslebrun";"arnaudjulien34"
"24538142";"11911322";"0.6031847";"UMP";"UMP";"philippejuvin";"remimartial"
"246506946";"1429821811";"0.5284599";"UMP";"UMP";"mhdesesgaulx";"HubertdeJenlis"
"246506946";"1149260660";"0.6570125";"UMP";"UMP";"TheveninPatrick";"HubertdeJenlis"
"246506946";"1931057509";"0.5369789";"UMP";"UMP";"GrosdidierSenat";"HubertdeJenlis"
"246506946";"102458467";"0.5856308";"UMP";"UMP";"emorinchartier";"HubertdeJenlis"
"246506946";"1543776073";"0.5991356";"centre";"UMP";"UDI_ardeche";"HubertdeJenlis"
"246506946";"232511465";"0.5485298";"UMP";"UMP";"JBLemoyne";"HubertdeJenlis"
"246919889";"132465432";"0.5094465";"Droite";"FN";"ACTIFSPACACORSE,PhilippeMemoli";"JClBlanchard"
"246919889";"228434982";"0.5178701";"Droite";"FN";"RPFCorse";"JClBlanchard"
"246919889";"1318611924";"0.7132615";"ExtremeDroite";"FN";"OuchikhKarim";"JClBlanchard"
"254116862";"218144431";"0.5743091";"UMP";"Droite";"Sylvie_Ramond";"brunobeschizza"
"254116862";"147974770";"0.5278842";"UMP";"Droite";"jacky_deromedi";"brunobeschizza"
"25489768";"213754264";"0.5463818";"PS";"Gauche";"faureolivier";"VincentFeltesse"
"258345629";"1429821811";"0.7332562";"UMP";"UMP";"mhdesesgaulx";"alainjuppe"
"258345629";"1149260660";"0.7586937";"UMP";"UMP";"TheveninPatrick";"alainjuppe"
"258345629";"232511465";"0.5722260";"UMP";"UMP";"JBLemoyne";"alainjuppe"
"26073581";"205401299";"0.5874256";"PS";"PS";"CBrossel";"Anne_Hidalgo"
"26073581";"1589648886";"0.5519620";"PS";"PS";"TousAvecAnne,TousAvecHamon";"Anne_Hidalgo"
"26454400";"244890770";"0.5927719";"Gauche";"PS";"erwannbinet";"philblet"
"26454400";"125727024";"0.5306632";"PS";"PS";"CCastaner";"philblet"
"269822892";"19900973";"0.6432136";"PS";"PS";"partisocialiste";"CorinneNara"
"269822892";"118341297";"0.5815610";"PS";"PS";"Rita_Maalouf_";"CorinneNara"
"269822892";"14658057";"0.6314028";"PS";"PS";"jccambadelis";"CorinneNara"
"269822892";"21302947";"0.5835025";"PS";"PS";"PierreKanuty";"CorinneNara"
"27199015";"24538142";"0.6354886";"UMP";"UMP";"remimartial";"flavienneuvy"
"274985153";"2305186092";"0.7231319";"UMP";"UMP";"oliviermarleix";"sdeschiens"
"274985153";"218144431";"0.5949926";"UMP";"UMP";"Sylvie_Ramond";"sdeschiens"
"274985153";"147974770";"0.5167673";"UMP";"UMP";"jacky_deromedi";"sdeschiens"
"276934698";"1358830140";"0.6877054";"UMP";"UMP";"LamureE";"valerieboyer13"
"276934698";"111323397";"0.5107197";"UMP";"UMP";"Francoispinte";"valerieboyer13"
"276934698";"1093208600";"0.5671850";"UMP";"UMP";"j_ump75";"valerieboyer13"
"276934698";"1358847770";"0.5493629";"UMP";"UMP";"CDeroche_Senat";"valerieboyer13"
"2841196901";"2347360369";"0.5154508";"FN";"FN";"Bernard_Monot";"e_ferrand"
"285226634";"118341297";"0.5798915";"PS";"PS";"Rita_Maalouf_";"SebastienDenaja"
"285226634";"127643327";"0.5212628";"PS";"PS";"luniseMarquis";"SebastienDenaja"
"285226634";"116565781";"0.6540978";"UMP";"PS";"Olaurentjoye";"SebastienDenaja"
"285226634";"269822892";"0.5116156";"PS";"PS";"CorinneNara";"SebastienDenaja"
"288670629";"111323397";"0.5762542";"UMP";"UMP";"Francoispinte";"DominiqueDord"
"288670629";"1358847770";"0.5239221";"UMP";"UMP";"CDeroche_Senat";"DominiqueDord"
"288670629";"1358830140";"0.7063165";"UMP";"UMP";"LamureE";"DominiqueDord"
"288670629";"1093208600";"0.5361890";"UMP";"UMP";"j_ump75";"DominiqueDord"
"288670629";"276934698";"0.7722345";"UMP";"UMP";"valerieboyer13";"DominiqueDord"
"29460450";"118341297";"0.6096453";"PS";"PS";"Rita_Maalouf_";"mdesgayets"
"29460450";"19900973";"0.7827760";"PS";"PS";"partisocialiste";"mdesgayets"
"29460450";"14658057";"0.6220706";"PS";"PS";"jccambadelis";"mdesgayets"
"29460450";"198828368";"0.5675368";"PS";"PS";"ideashumanumest";"mdesgayets"
"296393928";"1543776073";"0.6118638";"centre";"centre";"UDI_ardeche";"brunoDRAPRON"
"296393928";"1184256836";"0.5549332";"UMP";"centre";"PierreGaboriau";"brunoDRAPRON"
"296393928";"246506946";"0.5995719";"UMP";"centre";"HubertdeJenlis";"brunoDRAPRON"
"296733634";"218144431";"0.5868799";"UMP";"UMP";"Sylvie_Ramond";"CaVautrin"
"296733634";"1004071460";"0.6732053";"UMP";"UMP";"agneslebrun";"CaVautrin"
"296733634";"147974770";"0.7201534";"UMP";"UMP";"jacky_deromedi";"CaVautrin"
"296733634";"245290570";"0.7040629";"UMP";"UMP";"arnaudjulien34";"CaVautrin"
"296733634";"254116862";"0.6698080";"Droite";"UMP";"brunobeschizza";"CaVautrin"
"29960578";"274985153";"0.5277721";"UMP";"centre";"sdeschiens";"LydiaGuirous"
"29960578";"2305186092";"0.7866256";"UMP";"centre";"oliviermarleix";"LydiaGuirous"
"299749328";"118341297";"0.5603076";"PS";"PS";"Rita_Maalouf_";"yannicktrigance"
"299749328";"269822892";"0.6512275";"PS";"PS";"CorinneNara";"yannicktrigance"
"299749328";"1005885764";"0.5218036";"PS";"PS";"angersps";"yannicktrigance"
"299749328";"19900973";"0.6465818";"PS";"PS";"partisocialiste";"yannicktrigance"
"299749328";"21302947";"0.5810482";"PS";"PS";"PierreKanuty";"yannicktrigance"
"299749328";"14658057";"0.5865404";"PS";"PS";"jccambadelis";"yannicktrigance"
"30042407";"29460450";"0.5236591";"PS";"PS";"mdesgayets";"Socialistes4e"
"301272907";"274985153";"0.5112466";"UMP";"Media";"sdeschiens";"bif_o"
"301351765";"228434982";"0.6249164";"Droite";"UMP";"RPFCorse";"stephanebourhis"
"305827361";"231522846";"0.8507219";"Droite";"centre";"jeunespcd";"FranckMargain"
"305827361";"162780631";"0.7992978";"Droite";"centre";"chjamin";"FranckMargain"
"305827361";"1490528762";"0.6919409";"Droite";"centre";"LePCD95";"FranckMargain"
"3088517843";"239867102";"0.5096858";"UMP";"ExtremeDroite";"G_Peltier";"SIEL_Off"
"3088517843";"1318611924";"0.7744751";"ExtremeDroite";"ExtremeDroite";"OuchikhKarim";"SIEL_Off"
"3088517843";"194114947";"0.5090083";"Droite";"ExtremeDroite";"CBeigbeder";"SIEL_Off"
"313836555";"285226634";"0.5301893";"PS";"PS";"SebastienDenaja";"mjsloiret"
"313836555";"299749328";"0.5697505";"PS";"PS";"yannicktrigance";"mjsloiret"
"313836555";"118341297";"0.6653335";"PS";"PS";"Rita_Maalouf_";"mjsloiret"
"314247700";"311601642";"0.5696565";"Gauche";"Gauche";"ericcoquerel";"pperdereau"
"314247700";"144631870";"0.5993069";"Gauche";"Gauche";"gabrielamard";"pperdereau"
"316956459";"1318611924";"0.6511715";"ExtremeDroite";"FN";"OuchikhKarim";"louis_aliot"
"316956459";"113047084";"0.5147887";"ExtremeDroite";"FN";"LdeDanne,ldedanne";"louis_aliot"
"316956459";"2347360369";"0.5944688";"FN";"FN";"Bernard_Monot";"louis_aliot"
"316956459";"2443718293";"0.5084594";"FN";"FN";"nicolasbayfn";"louis_aliot"
"316956459";"246919889";"0.7223137";"FN";"FN";"JClBlanchard";"louis_aliot"
"325180819";"151043323";"0.5359933";"Media";"ExtremeGauche";"msoudais";"ArmandCreus"
"325180819";"311601642";"0.5157929";"Gauche";"ExtremeGauche";"ericcoquerel";"ArmandCreus"
"327249605";"144238332";"0.5442686";"PS";"UMP";"marctarabella";"franckproust"
"327249605";"132465432";"0.5443387";"Droite";"UMP";"ACTIFSPACACORSE,PhilippeMemoli";"franckproust"
"329686497";"144631870";"0.6660072";"Gauche";"Gauche";"gabrielamard";"Simonnet2"
"329686497";"311601642";"0.7114800";"Gauche";"Gauche";"ericcoquerel";"Simonnet2"
"329686497";"314247700";"0.6724151";"Gauche";"Gauche";"pperdereau";"Simonnet2"
"3298739747";"246919889";"0.5780995";"FN";"FN";"JClBlanchard";"jeanmarieverani"
"3298739747";"189815209";"0.5130978";"FN";"FN";"david_rachline";"jeanmarieverani"
"3298739747";"316956459";"0.7397422";"FN";"FN";"louis_aliot";"jeanmarieverani"
"3298739747";"2443718293";"0.5824210";"FN";"FN";"nicolasbayfn";"jeanmarieverani"
"3298739747";"2347360369";"0.6407717";"FN";"FN";"Bernard_Monot";"jeanmarieverani"
"33080295";"19068355";"0.7300350";"centre";"centre";"democratesIDF";"MoDem92"
"33080295";"301272907";"0.5576847";"Media";"centre";"bif_o";"MoDem92"
"3345339515";"30042407";"0.7480409";"PS";"PS";"Socialistes4e";"PSseineetmarne"
"33685533";"1093208600";"0.5859009";"UMP";"UMP";"j_ump75";"Adecosmi"
"33685533";"301272907";"0.6316527";"Media";"UMP";"bif_o";"Adecosmi"
"33685533";"33080295";"0.5363740";"centre";"UMP";"MoDem92";"Adecosmi"
"34219923";"1367398610";"0.5254321";"UMP";"centre";"Meunier_Ph";"laurencemassat"
"34219923";"246506946";"0.5930266";"UMP";"centre";"HubertdeJenlis";"laurencemassat"
"34219923";"301272907";"0.5639189";"Media";"centre";"bif_o";"laurencemassat"
"34219923";"33685533";"0.5239332";"UMP";"centre";"Adecosmi";"laurencemassat"
"34219923";"33080295";"0.5462588";"centre";"centre";"MoDem92";"laurencemassat"
"342288969";"1229928415";"0.6111757";"PS";"ExtremeGauche";"psparis8";"NavidHussain"
"343884304";"218144431";"0.5433097";"UMP";"UMP";"Sylvie_Ramond";"C_Frassa"
"343884304";"132465432";"0.5527158";"Droite";"UMP";"ACTIFSPACACORSE,PhilippeMemoli";"C_Frassa"
"343884304";"254116862";"0.5945647";"Droite";"UMP";"brunobeschizza";"C_Frassa"
"343884304";"296733634";"0.5675234";"UMP";"UMP";"CaVautrin";"C_Frassa"
"343884304";"147974770";"0.5201240";"UMP";"UMP";"jacky_deromedi";"C_Frassa"
"343884304";"139333004";"0.5266793";"PRG";"UMP";"S_Revie";"C_Frassa"
"343884304";"156608013";"0.5937936";"UMP";"UMP";"sophieprimas";"C_Frassa"
"347851279";"3298739747";"0.5668862";"FN";"Droite";"jeanmarieverani";"mpf74"
"347851279";"2347360369";"0.5761368";"FN";"Droite";"Bernard_Monot";"mpf74"
"347851279";"316956459";"0.5071688";"FN";"Droite";"louis_aliot";"mpf74"
"347851279";"228434982";"0.5043740";"Droite";"Droite";"RPFCorse";"mpf74"
"347851279";"1318611924";"0.5528430";"ExtremeDroite";"Droite";"OuchikhKarim";"mpf74"
"347851279";"246919889";"0.6128613";"FN";"Droite";"JClBlanchard";"mpf74"
"351575660";"1490528762";"0.6159514";"Droite";"centre";"LePCD95";"ColombaniMat"
"351575660";"231522846";"0.6004847";"Droite";"centre";"jeunespcd";"ColombaniMat"
"351575660";"162780631";"0.5216594";"Droite";"centre";"chjamin";"ColombaniMat"
"352289815";"246506946";"0.5421535";"UMP";"PS";"HubertdeJenlis";"AJuppe2017,alainjuppe_2017,AMontebourg2017"
"352289815";"1543776073";"0.5232218";"centre";"PS";"UDI_ardeche";"AJuppe2017,alainjuppe_2017,AMontebourg2017"
"352289815";"1149260660";"0.5262765";"UMP";"PS";"TheveninPatrick";"AJuppe2017,alainjuppe_2017,AMontebourg2017"
"352289815";"258345629";"0.5087251";"UMP";"PS";"alainjuppe";"AJuppe2017,alainjuppe_2017,AMontebourg2017"
"352289815";"22245559";"0.6430308";"UMP";"PS";"benoistapparu";"AJuppe2017,alainjuppe_2017,AMontebourg2017"
"352289815";"296393928";"0.6482676";"centre";"PS";"brunoDRAPRON";"AJuppe2017,alainjuppe_2017,AMontebourg2017"
"358805940";"213031371";"0.5778482";"PS";"FN";"AtaualpaPF";"PartisansMarine"
"358805940";"31716693";"0.6898940";"ExtremeDroite";"FN";"pierrecheynet";"PartisansMarine"
"359979086";"246506946";"0.7973122";"UMP";"UMP";"HubertdeJenlis";"jpraffarin"
"359979086";"258345629";"0.6458969";"UMP";"UMP";"alainjuppe";"jpraffarin"
"359979086";"231522846";"0.5093942";"Droite";"UMP";"jeunespcd";"jpraffarin"
"359979086";"102458467";"0.6892660";"UMP";"UMP";"emorinchartier";"jpraffarin"
"359979086";"1149260660";"0.5694913";"UMP";"UMP";"TheveninPatrick";"jpraffarin"
"359979086";"132465432";"0.5424447";"Droite";"UMP";"ACTIFSPACACORSE,PhilippeMemoli";"jpraffarin"
"359979086";"232511465";"0.7526390";"UMP";"UMP";"JBLemoyne";"jpraffarin"
"359979086";"1429821811";"0.5574665";"UMP";"UMP";"mhdesesgaulx";"jpraffarin"
"360071870";"246506946";"0.5737249";"UMP";"Droite";"HubertdeJenlis";"PascalBlanc_"
"360071870";"232511465";"0.5380449";"UMP";"Droite";"JBLemoyne";"PascalBlanc_"
"360071870";"359979086";"0.5140054";"UMP";"Droite";"jpraffarin";"PascalBlanc_"
"360071870";"116229959";"0.5116549";"UMP";"Droite";"solere92";"PascalBlanc_"
"360071870";"352289815";"0.5632424";"PS";"Droite";"AJuppe2017,alainjuppe_2017,AMontebourg2017";"PascalBlanc_"
"367186655";"1358830140";"0.6097017";"UMP";"UMP";"LamureE";"jechartier"
"367186655";"276934698";"0.5799510";"UMP";"UMP";"valerieboyer13";"jechartier"
"367186655";"1093208600";"0.5148212";"UMP";"UMP";"j_ump75";"jechartier"
"367186655";"288670629";"0.7239515";"UMP";"UMP";"DominiqueDord";"jechartier"
"367186655";"1358847770";"0.5542322";"UMP";"UMP";"CDeroche_Senat";"jechartier"
"367802395";"128593679";"0.5586984";"Media";"Media";"GuillaumeDaret";"jwaintraub"
"367926061";"218144431";"0.6978697";"UMP";"UMP";"Sylvie_Ramond";"DebordValerie"
"367926061";"254116862";"0.5656830";"Droite";"UMP";"brunobeschizza";"DebordValerie"
"367926061";"132465432";"0.5854366";"Droite";"UMP";"ACTIFSPACACORSE,PhilippeMemoli";"DebordValerie"
"367926061";"343884304";"0.5875681";"UMP";"UMP";"C_Frassa";"DebordValerie"
"367926061";"274985153";"0.6390161";"UMP";"UMP";"sdeschiens";"DebordValerie"
"367926061";"147974770";"0.7008054";"UMP";"UMP";"jacky_deromedi";"DebordValerie"
"367926061";"245290570";"0.6316509";"UMP";"UMP";"arnaudjulien34";"DebordValerie"
"367926061";"296733634";"0.6998938";"UMP";"UMP";"CaVautrin";"DebordValerie"
"367926061";"1004071460";"0.5368205";"UMP";"UMP";"agneslebrun";"DebordValerie"
"37272303";"31716693";"0.5823778";"ExtremeDroite";"FN";"pierrecheynet";"DamienObrador"
"37272303";"358805940";"0.8653784";"FN";"FN";"PartisansMarine";"DamienObrador"
"37272303";"213031371";"0.6869248";"PS";"FN";"AtaualpaPF";"DamienObrador"
"373380797";"359979086";"0.5428533";"UMP";"Droite";"jpraffarin";"JeanLeonetti"
"373380797";"246506946";"0.5378358";"UMP";"Droite";"HubertdeJenlis";"JeanLeonetti"
"375314969";"1184256836";"0.5586357";"UMP";"UMP";"PierreGaboriau";"AvecJFC"
"375314969";"105116603";"0.6430411";"UMP";"UMP";"jf_cope";"AvecJFC"
"375314969";"352289815";"0.5167986";"PS";"UMP";"AJuppe2017,alainjuppe_2017,AMontebourg2017";"AvecJFC"
"376812938";"2649991";"0.7577832";"Media";"Media";"20Minutes";"leLab_E1"
"380373029";"3088517843";"0.5197320";"ExtremeDroite";"UMP";"SIEL_Off";"phgosselin"
"380373029";"194114947";"0.5193723";"Droite";"UMP";"CBeigbeder";"phgosselin"
"380373029";"239867102";"0.7716485";"UMP";"UMP";"G_Peltier";"phgosselin"
"380373029";"106851687";"0.7685257";"centre";"UMP";"MarieLaurent29";"phgosselin"
"380989705";"358941090";"0.5119808";"PS";"PS";"mauricevincent_";"senateursPS"
"38170599";"2443718293";"0.5422319";"FN";"Droite";"nicolasbayfn";"dupontaignan"
"382027019";"1140874034";"0.5173624";"PS";"PS";"Kheira_Bouziane";"francoiskalfon"
"38395124";"24744541";"0.5268684";"Media";"Media";"lemondefr";"franceinfo"
"384206154";"359979086";"0.5351592";"UMP";"UMP";"jpraffarin";"DidierReault"
"384206154";"191097428";"0.5447337";"Droite";"UMP";"RPR06";"DidierReault"
"384206154";"246506946";"0.5807343";"UMP";"UMP";"HubertdeJenlis";"DidierReault"
"388790119";"14658057";"0.5401982";"PS";"PS";"jccambadelis";"IThisSaintJean"
"388790119";"198828368";"0.5072616";"PS";"PS";"ideashumanumest";"IThisSaintJean"
"388790119";"29460450";"0.5107223";"PS";"PS";"mdesgayets";"IThisSaintJean"
"388870788";"26073581";"0.5831479";"PS";"Gauche";"Anne_Hidalgo";"JulienBargeton"
"392180866";"180320078";"0.6886806";"UMP";"PCF";"jeunesrep44";"aymericseassau"
"392792965";"388790119";"0.5582690";"PS";"PS";"IThisSaintJean";"OliviaPolski"
"392792965";"29460450";"0.6937679";"PS";"PS";"mdesgayets";"OliviaPolski"
"392792965";"3345339515";"0.6454054";"PS";"PS";"PSseineetmarne";"OliviaPolski"
"392792965";"19900973";"0.6997822";"PS";"PS";"partisocialiste";"OliviaPolski"
"392792965";"14658057";"0.5081626";"PS";"PS";"jccambadelis";"OliviaPolski"
"392792965";"118341297";"0.5856952";"PS";"PS";"Rita_Maalouf_";"OliviaPolski"
"392792965";"198828368";"0.5000320";"PS";"PS";"ideashumanumest";"OliviaPolski"
"397409884";"2649991";"0.5038553";"Media";"PS";"20Minutes";"jmtanguy"
"397409884";"139333004";"0.5177174";"PRG";"PS";"S_Revie";"jmtanguy"
"39955031";"2443718293";"0.5723080";"FN";"UMP";"nicolasbayfn";"thierry_legac"
"39955031";"218144431";"0.5288634";"UMP";"UMP";"Sylvie_Ramond";"thierry_legac"
"400220155";"360071870";"0.6215499";"Droite";"UMP";"PascalBlanc_";"Marclaffineur"
"400220155";"231522846";"0.6478868";"Droite";"UMP";"jeunespcd";"Marclaffineur"
"400220155";"246506946";"0.5484049";"UMP";"UMP";"HubertdeJenlis";"Marclaffineur"
"400220155";"359979086";"0.5822343";"UMP";"UMP";"jpraffarin";"Marclaffineur"
"400220155";"352289815";"0.6905643";"PS";"UMP";"AJuppe2017,alainjuppe_2017,AMontebourg2017";"Marclaffineur"
"400220155";"1093208600";"0.5129493";"UMP";"UMP";"j_ump75";"Marclaffineur"
"400220155";"116229959";"0.6696103";"UMP";"UMP";"solere92";"Marclaffineur"
"400220155";"1490528762";"0.5238008";"Droite";"UMP";"LePCD95";"Marclaffineur"
"400220155";"305827361";"0.5168046";"centre";"UMP";"FranckMargain";"Marclaffineur"
"400220155";"162780631";"0.5927794";"Droite";"UMP";"chjamin";"Marclaffineur"
"402626426";"111323397";"0.5537442";"UMP";"UMP";"Francoispinte";"YannickMOREAU"
"405780971";"116229959";"0.5285812";"UMP";"UMP";"solere92";"MartadeCidrac"
"405780971";"1358830140";"0.5503971";"UMP";"UMP";"LamureE";"MartadeCidrac"
"405919523";"205401299";"0.5304946";"PS";"PS";"CBrossel";"pascalcherki"
"405919523";"1589648886";"0.5714706";"PS";"PS";"TousAvecAnne,TousAvecHamon";"pascalcherki"
"405919523";"230495042";"0.5456005";"PS";"PS";"Juanico";"pascalcherki"
"408398312";"111323397";"0.6138442";"UMP";"UMP";"Francoispinte";"BrunoRetailleau"
"408398312";"402626426";"0.7713972";"UMP";"UMP";"YannickMOREAU";"BrunoRetailleau"
"40851887";"357412940";"0.6934382";"Media";"UMP";"franceinfolive,francetvinfo,franceinfoplus";"merlet75"
"40851887";"276934698";"0.5050619";"UMP";"UMP";"valerieboyer13";"merlet75"
"40851887";"165777773";"0.6209182";"UMP";"UMP";"VincentJEANBRUN";"merlet75"
"40851887";"1093208600";"0.5143994";"UMP";"UMP";"j_ump75";"merlet75"
"40851887";"1358830140";"0.5148787";"UMP";"UMP";"LamureE";"merlet75"
"40851887";"374184532";"0.5379680";"UMP";"UMP";"BrunoLeMaire";"merlet75"
"412414921";"111323397";"0.5999354";"UMP";"Droite";"Francoispinte";"LoicLR_92"
"412414921";"288670629";"0.6767059";"UMP";"Droite";"DominiqueDord";"LoicLR_92"
"412414921";"276934698";"0.7778942";"UMP";"Droite";"valerieboyer13";"LoicLR_92"
"412414921";"1358830140";"0.7172111";"UMP";"Droite";"LamureE";"LoicLR_92"
"412414921";"1093208600";"0.6281886";"UMP";"Droite";"j_ump75";"LoicLR_92"
"412414921";"367186655";"0.5814766";"UMP";"Droite";"jechartier";"LoicLR_92"
"412414921";"405780971";"0.5793411";"UMP";"Droite";"MartadeCidrac";"LoicLR_92"
"412414921";"40851887";"0.7384700";"UMP";"Droite";"merlet75";"LoicLR_92"
"413833741";"352289815";"0.7243151";"PS";"Droite";"AJuppe2017,alainjuppe_2017,AMontebourg2017";"sophierocher1"
"413833741";"360071870";"0.5193614";"Droite";"Droite";"PascalBlanc_";"sophierocher1"
"413833741";"384206154";"0.5284221";"UMP";"Droite";"DidierReault";"sophierocher1"
"413833741";"1149260660";"0.5171049";"UMP";"Droite";"TheveninPatrick";"sophierocher1"
"413833741";"258345629";"0.5896553";"UMP";"Droite";"alainjuppe";"sophierocher1"
"413833741";"400220155";"0.5732557";"UMP";"Droite";"Marclaffineur";"sophierocher1"
"413833741";"22245559";"0.6778503";"UMP";"Droite";"benoistapparu";"sophierocher1"
"413839619";"296733634";"0.5594469";"UMP";"UMP";"CaVautrin";"nadine__morano"
"419915971";"213031371";"0.5340588";"PS";"FN";"AtaualpaPF";"Frontnat12"
"419915971";"1318611924";"0.6418271";"ExtremeDroite";"FN";"OuchikhKarim";"Frontnat12"
"419915971";"316956459";"0.6672455";"FN";"FN";"louis_aliot";"Frontnat12"
"419915971";"347851279";"0.5198829";"Droite";"FN";"mpf74";"Frontnat12"
"419915971";"342288969";"0.5416800";"ExtremeGauche";"FN";"NavidHussain";"Frontnat12"
"419915971";"2347360369";"0.5757832";"FN";"FN";"Bernard_Monot";"Frontnat12"
"419915971";"246919889";"0.6992760";"FN";"FN";"JClBlanchard";"Frontnat12"
"42372218";"116229959";"0.6864035";"UMP";"UMP";"solere92";"mbarbot"
"42372218";"1429821811";"0.5163278";"UMP";"UMP";"mhdesesgaulx";"mbarbot"
"42372218";"102458467";"0.5554353";"UMP";"UMP";"emorinchartier";"mbarbot"
"42372218";"1490528762";"0.5261123";"Droite";"UMP";"LePCD95";"mbarbot"
"42372218";"359979086";"0.5585023";"UMP";"UMP";"jpraffarin";"mbarbot"
"42372218";"1567830938";"0.5052729";"UMP";"UMP";"NKMavecle9eme";"mbarbot"
"42372218";"231522846";"0.5304231";"Droite";"UMP";"jeunespcd";"mbarbot"
"42372218";"258345629";"0.5983297";"UMP";"UMP";"alainjuppe";"mbarbot"
"426201331";"285226634";"0.5115959";"PS";"Gauche";"SebastienDenaja";"ElisabethPochon"
"426201331";"198828368";"0.5205278";"PS";"Gauche";"ideashumanumest";"ElisabethPochon"
"426201331";"3345339515";"0.5651609";"PS";"Gauche";"PSseineetmarne";"ElisabethPochon"
"426201331";"1543186440";"0.5445564";"centre";"Gauche";"udi_an";"ElisabethPochon"
"429710343";"380989705";"0.6106848";"PS";"UMP";"senateursPS";"lesRep_Senat"
"432375298";"1543186440";"0.7272852";"centre";"PS";"udi_an";"clergeaumf"
"432375298";"429710343";"0.5249836";"UMP";"PS";"lesRep_Senat";"clergeaumf"
"432835457";"375314969";"0.5421897";"UMP";"UMP";"AvecJFC";"jeromedubus"
"432835457";"1184256836";"0.5807430";"UMP";"UMP";"PierreGaboriau";"jeromedubus"
"432835457";"110521463";"0.5152384";"Gauche";"UMP";"PatricePrat";"jeromedubus"
"436780101";"1543186440";"0.5307995";"centre";"centre";"udi_an";"BertrandPancher"
"439503103";"408398312";"0.6593495";"UMP";"UMP";"BrunoRetailleau";"LGarnier44"
"439503103";"111323397";"0.6496614";"UMP";"UMP";"Francoispinte";"LGarnier44"
"439503103";"180320078";"0.5412606";"UMP";"UMP";"jeunesrep44";"LGarnier44"
"439503103";"402626426";"0.5251094";"UMP";"UMP";"YannickMOREAU";"LGarnier44"
"440072232";"239867102";"0.6033124";"UMP";"UMP";"G_Peltier";"PhilippeCochet"
"440072232";"1004071460";"0.5331954";"UMP";"UMP";"agneslebrun";"PhilippeCochet"
"440072232";"380373029";"0.5538403";"UMP";"UMP";"phgosselin";"PhilippeCochet"
"44347701";"105116603";"0.6799993";"UMP";"UMP";"jf_cope";"JeunesAvecCope"
"44347701";"1184256836";"0.6177055";"UMP";"UMP";"PierreGaboriau";"JeunesAvecCope"
"44347701";"352289815";"0.5800247";"PS";"UMP";"AJuppe2017,alainjuppe_2017,AMontebourg2017";"JeunesAvecCope"
"44347701";"375314969";"0.9543783";"UMP";"UMP";"AvecJFC";"JeunesAvecCope"
"45343260";"117798111";"0.5496778";"PS";"PS";"JLGagnaire";"Antonio_Duarte"
"45343260";"44889514";"0.5132024";"Media";"PS";"EchosPolitique";"Antonio_Duarte"
"456524623";"412414921";"0.5058328";"Droite";"UMP";"LoicLR_92";"JF_Lamour"
"456524623";"276934698";"0.5815557";"UMP";"UMP";"valerieboyer13";"JF_Lamour"
"456524623";"1184256836";"0.5099105";"UMP";"UMP";"PierreGaboriau";"JF_Lamour"
"456524623";"1358830140";"0.5077937";"UMP";"UMP";"LamureE";"JF_Lamour"
"456524623";"288670629";"0.5351997";"UMP";"UMP";"DominiqueDord";"JF_Lamour"
"456524623";"367186655";"0.5557995";"UMP";"UMP";"jechartier";"JF_Lamour"
"456900236";"289017474";"0.5531263";"centre";"PS";"olga_johnson";"nathalieappere"
"459093089";"412414921";"0.6604507";"Droite";"UMP";"LoicLR_92";"DuboisMarianne,duboismarianne"
"459093089";"456524623";"0.5400637";"UMP";"UMP";"JF_Lamour";"DuboisMarianne,duboismarianne"
"459093089";"288670629";"0.6931165";"UMP";"UMP";"DominiqueDord";"DuboisMarianne,duboismarianne"
"459093089";"367186655";"0.7321858";"UMP";"UMP";"jechartier";"DuboisMarianne,duboismarianne"
"459093089";"111323397";"0.5530545";"UMP";"UMP";"Francoispinte";"DuboisMarianne,duboismarianne"
"459093089";"405780971";"0.5405378";"UMP";"UMP";"MartadeCidrac";"DuboisMarianne,duboismarianne"
"459093089";"1358830140";"0.7249731";"UMP";"UMP";"LamureE";"DuboisMarianne,duboismarianne"
"459093089";"1358847770";"0.5522829";"UMP";"UMP";"CDeroche_Senat";"DuboisMarianne,duboismarianne"
"459093089";"40851887";"0.5459618";"UMP";"UMP";"merlet75";"DuboisMarianne,duboismarianne"
"459093089";"1093208600";"0.5730364";"UMP";"UMP";"j_ump75";"DuboisMarianne,duboismarianne"
"459093089";"276934698";"0.6554764";"UMP";"UMP";"valerieboyer13";"DuboisMarianne,duboismarianne"
"467776493";"1589648886";"0.6033259";"PS";"PS";"TousAvecAnne,TousAvecHamon";"C_Masse13"
"467776493";"111887233";"0.7862356";"PS";"PS";"MASSEFLO13013";"C_Masse13"
"469248037";"3298739747";"0.6062696";"FN";"FN";"jeanmarieverani";"wdesaintjust"
"469248037";"246919889";"0.5446579";"FN";"FN";"JClBlanchard";"wdesaintjust"
"469248037";"316956459";"0.5836909";"FN";"FN";"louis_aliot";"wdesaintjust"
"469248037";"347851279";"0.6351700";"Droite";"FN";"mpf74";"wdesaintjust"
"472412809";"2347360369";"0.5997454";"FN";"FN";"Bernard_Monot";"f_philippot"
"472412809";"24538142";"0.6007102";"UMP";"FN";"remimartial";"f_philippot"
"472412809";"38170599";"0.5473667";"Droite";"FN";"dupontaignan";"f_philippot"
"472412809";"11911322";"0.6556405";"UMP";"FN";"philippejuvin";"f_philippot"
"472412809";"137253079";"0.5136360";"Media";"FN";"LaTribune";"f_philippot"
"472412809";"223847367";"0.6566427";"FN";"FN";"Lilian7130";"f_philippot"
"47337348";"367186655";"0.5146015";"UMP";"UMP";"jechartier";"carolinecayeux"
"47337348";"1894416624";"0.5139649";"FN";"UMP";"FCoolzaet";"carolinecayeux"
"47337348";"1358830140";"0.5028314";"UMP";"UMP";"LamureE";"carolinecayeux"
"47337348";"276934698";"0.6111412";"UMP";"UMP";"valerieboyer13";"carolinecayeux"
"47337348";"459093089";"0.5635738";"UMP";"UMP";"DuboisMarianne,duboismarianne";"carolinecayeux"
"47337348";"288670629";"0.5489365";"UMP";"UMP";"DominiqueDord";"carolinecayeux"
"47337348";"412414921";"0.6504213";"Droite";"UMP";"LoicLR_92";"carolinecayeux"
"47694062";"246919889";"0.5272282";"FN";"ExtremeDroite";"JClBlanchard";"ChBouchet"
"47694062";"1894416624";"0.5131303";"FN";"ExtremeDroite";"FCoolzaet";"ChBouchet"
"47694062";"347851279";"0.5838072";"Droite";"ExtremeDroite";"mpf74";"ChBouchet"
"47694062";"2347360369";"0.5492907";"FN";"ExtremeDroite";"Bernard_Monot";"ChBouchet"
"47694062";"3298739747";"0.5921308";"FN";"ExtremeDroite";"jeanmarieverani";"ChBouchet"
"47694062";"358805940";"0.5040515";"FN";"ExtremeDroite";"PartisansMarine";"ChBouchet"
"47694062";"31716693";"0.5786022";"ExtremeDroite";"ExtremeDroite";"pierrecheynet";"ChBouchet"
"47694062";"316956459";"0.6065303";"FN";"ExtremeDroite";"louis_aliot";"ChBouchet"
"47694062";"419915971";"0.6138366";"FN";"ExtremeDroite";"Frontnat12";"ChBouchet"
"476961717";"1093208600";"0.5444284";"UMP";"UMP";"j_ump75";"NicolasBonleux"
"476961717";"288670629";"0.6335727";"UMP";"UMP";"DominiqueDord";"NicolasBonleux"
"476961717";"111323397";"0.5134990";"UMP";"UMP";"Francoispinte";"NicolasBonleux"
"476961717";"459093089";"0.5983747";"UMP";"UMP";"DuboisMarianne,duboismarianne";"NicolasBonleux"
"476961717";"367186655";"0.5005878";"UMP";"UMP";"jechartier";"NicolasBonleux"
"476961717";"44347701";"0.5380402";"UMP";"UMP";"JeunesAvecCope";"NicolasBonleux"
"476961717";"276934698";"0.6061766";"UMP";"UMP";"valerieboyer13";"NicolasBonleux"
"476961717";"162780631";"0.5392840";"Droite";"UMP";"chjamin";"NicolasBonleux"
"476961717";"412414921";"0.6251540";"Droite";"UMP";"LoicLR_92";"NicolasBonleux"
"476961717";"116229959";"0.5358530";"UMP";"UMP";"solere92";"NicolasBonleux"
"476961717";"375314969";"0.5560679";"UMP";"UMP";"AvecJFC";"NicolasBonleux"
"476961717";"413833741";"0.5050454";"Droite";"UMP";"sophierocher1";"NicolasBonleux"
"476961717";"105116603";"0.5150709";"UMP";"UMP";"jf_cope";"NicolasBonleux"
"476961717";"231522846";"0.5353217";"Droite";"UMP";"jeunespcd";"NicolasBonleux"
"476961717";"1358830140";"0.6189990";"UMP";"UMP";"LamureE";"NicolasBonleux"
"478377750";"147974770";"0.5382794";"UMP";"UMP";"jacky_deromedi";"CPozmentier"
"478377750";"409103202";"0.5081800";"UMP";"UMP";"MartineVassal";"CPozmentier"
"483986924";"305827361";"0.8128410";"centre";"Droite";"FranckMargain";"PotieLussigny"
"483986924";"1490528762";"0.8187002";"Droite";"Droite";"LePCD95";"PotieLussigny"
"483986924";"239867102";"0.5652537";"UMP";"Droite";"G_Peltier";"PotieLussigny"
"483986924";"162780631";"0.9155377";"Droite";"Droite";"chjamin";"PotieLussigny"
"483986924";"116229959";"0.5661078";"UMP";"Droite";"solere92";"PotieLussigny"
"483986924";"231522846";"0.8599234";"Droite";"Droite";"jeunespcd";"PotieLussigny"
"483986924";"380373029";"0.5638376";"UMP";"Droite";"phgosselin";"PotieLussigny"
"483986924";"351575660";"0.5820472";"centre";"Droite";"ColombaniMat";"PotieLussigny"
"483986924";"400220155";"0.6221178";"UMP";"Droite";"Marclaffineur";"PotieLussigny"
"484754469";"426201331";"0.6073372";"Gauche";"PS";"ElisabethPochon";"BourguignonBrig"
"484861662";"392792965";"0.6199231";"PS";"PS";"OliviaPolski";"PSSarthe"
"484861662";"118341297";"0.7093860";"PS";"PS";"Rita_Maalouf_";"PSSarthe"
"484861662";"269822892";"0.6762377";"PS";"PS";"CorinneNara";"PSSarthe"
"484861662";"1005885764";"0.7856779";"PS";"PS";"angersps";"PSSarthe"
"484861662";"313836555";"0.5436873";"PS";"PS";"mjsloiret";"PSSarthe"
"484861662";"19900973";"0.8902014";"PS";"PS";"partisocialiste";"PSSarthe"
"484861662";"29460450";"0.6559475";"PS";"PS";"mdesgayets";"PSSarthe"
"484861662";"14658057";"0.6145571";"PS";"PS";"jccambadelis";"PSSarthe"
"484861662";"299749328";"0.7602831";"PS";"PS";"yannicktrigance";"PSSarthe"
"485852102";"232144955";"0.5010162";"UMP";"UMP";"Valerie_LOISEL";"AJoyandet"
"485852102";"296733634";"0.5700443";"UMP";"UMP";"CaVautrin";"AJoyandet"
"485852102";"39955031";"0.5935280";"UMP";"UMP";"thierry_legac";"AJoyandet"
"485852102";"367926061";"0.5202075";"UMP";"UMP";"DebordValerie";"AJoyandet"
"486102872";"373380797";"0.5153500";"Droite";"UMP";"JeanLeonetti";"genemachery"
"48731776";"16040704";"0.5496923";"centre";"Gauche";"julienjanvier";"mpdelagontrie"
"48731776";"128593679";"0.6345340";"Media";"Gauche";"GuillaumeDaret";"mpdelagontrie"
"48731776";"1229928415";"0.5286525";"PS";"Gauche";"psparis8";"mpdelagontrie"
"48731776";"426201331";"0.5000059";"Gauche";"Gauche";"ElisabethPochon";"mpdelagontrie"
"490126636";"367926061";"0.6043052";"UMP";"UMP";"DebordValerie";"NicolasSarkozy"
"490126636";"1004071460";"0.5423853";"UMP";"UMP";"agneslebrun";"NicolasSarkozy"
"490126636";"254116862";"0.6538223";"Droite";"UMP";"brunobeschizza";"NicolasSarkozy"
"490126636";"245290570";"0.6464359";"UMP";"UMP";"arnaudjulien34";"NicolasSarkozy"
"490126636";"218144431";"0.5444661";"UMP";"UMP";"Sylvie_Ramond";"NicolasSarkozy"
"490126636";"296733634";"0.8015020";"UMP";"UMP";"CaVautrin";"NicolasSarkozy"
"490126636";"147974770";"0.7888925";"UMP";"UMP";"jacky_deromedi";"NicolasSarkozy"
"490126636";"343884304";"0.6722549";"UMP";"UMP";"C_Frassa";"NicolasSarkozy"
"491560128";"2347360369";"0.5735476";"FN";"FN";"Bernard_Monot";"aurelbx"
"491560128";"3298739747";"0.6232020";"FN";"FN";"jeanmarieverani";"aurelbx"
"491560128";"316956459";"0.5231804";"FN";"FN";"louis_aliot";"aurelbx"
"491560128";"2443718293";"0.5781275";"FN";"FN";"nicolasbayfn";"aurelbx"
"493144540";"459093089";"0.5426251";"UMP";"UMP";"DuboisMarianne,duboismarianne";"lemenerdom"
"493144540";"276934698";"0.6167664";"UMP";"UMP";"valerieboyer13";"lemenerdom"
"493144540";"165777773";"0.5627213";"UMP";"UMP";"VincentJEANBRUN";"lemenerdom"
"493144540";"1093208600";"0.5946033";"UMP";"UMP";"j_ump75";"lemenerdom"
"493144540";"1358830140";"0.6456777";"UMP";"UMP";"LamureE";"lemenerdom"
"493144540";"412414921";"0.7396579";"Droite";"UMP";"LoicLR_92";"lemenerdom"
"493144540";"405780971";"0.5768691";"UMP";"UMP";"MartadeCidrac";"lemenerdom"
"493144540";"40851887";"0.7401857";"UMP";"UMP";"merlet75";"lemenerdom"
"493144540";"288670629";"0.5352328";"UMP";"UMP";"DominiqueDord";"lemenerdom"
"493144540";"374184532";"0.5646016";"UMP";"UMP";"BrunoLeMaire";"lemenerdom"
"493144540";"476961717";"0.6040906";"UMP";"UMP";"NicolasBonleux";"lemenerdom"
"496907366";"218144431";"0.5176317";"UMP";"UMP";"Sylvie_Ramond";"C_ATLAN_TAPIERO"
"496907366";"132465432";"0.5238767";"Droite";"UMP";"ACTIFSPACACORSE,PhilippeMemoli";"C_ATLAN_TAPIERO"
"497074191";"245290570";"0.6010923";"UMP";"Droite";"arnaudjulien34";"ClaudeGreff"
"497074191";"132465432";"0.6904224";"Droite";"Droite";"ACTIFSPACACORSE,PhilippeMemoli";"ClaudeGreff"
"497074191";"147974770";"0.6450899";"UMP";"Droite";"jacky_deromedi";"ClaudeGreff"
"497074191";"367926061";"0.6746735";"UMP";"Droite";"DebordValerie";"ClaudeGreff"
"497074191";"343884304";"0.5943719";"UMP";"Droite";"C_Frassa";"ClaudeGreff"
"497074191";"218144431";"0.5593799";"UMP";"Droite";"Sylvie_Ramond";"ClaudeGreff"
"497074191";"296733634";"0.5819162";"UMP";"Droite";"CaVautrin";"ClaudeGreff"
"497074191";"1004071460";"0.5749575";"UMP";"Droite";"agneslebrun";"ClaudeGreff"
"497074191";"126988205";"0.5050385";"UMP";"Droite";"N_Guillerme";"ClaudeGreff"
"498033989";"180320078";"0.5333992";"UMP";"Droite";"jeunesrep44";"sebarrouet,SebArrouet"
"498934313";"151043323";"0.6129525";"Media";"Gauche";"msoudais";"crcsenat"
"498934313";"325180819";"0.5355467";"ExtremeGauche";"Gauche";"ArmandCreus";"crcsenat"
"498934313";"18578222";"0.5152569";"Gauche";"Gauche";"larrouturou";"crcsenat"
"499590213";"218144431";"0.5542422";"UMP";"Droite";"Sylvie_Ramond";"Stefpernod"
"499590213";"497074191";"0.8058730";"Droite";"Droite";"ClaudeGreff";"Stefpernod"
"499590213";"327249605";"0.5185767";"UMP";"Droite";"franckproust";"Stefpernod"
"499590213";"343884304";"0.6176433";"UMP";"Droite";"C_Frassa";"Stefpernod"
"499590213";"147974770";"0.6052231";"UMP";"Droite";"jacky_deromedi";"Stefpernod"
"499590213";"126988205";"0.6078588";"UMP";"Droite";"N_Guillerme";"Stefpernod"
"499590213";"245290570";"0.5889303";"UMP";"Droite";"arnaudjulien34";"Stefpernod"
"499590213";"296733634";"0.5802593";"UMP";"Droite";"CaVautrin";"Stefpernod"
"499590213";"367926061";"0.6767876";"UMP";"Droite";"DebordValerie";"Stefpernod"
"499590213";"496907366";"0.5298416";"UMP";"Droite";"C_ATLAN_TAPIERO";"Stefpernod"
"499590213";"132465432";"0.8031355";"Droite";"Droite";"ACTIFSPACACORSE,PhilippeMemoli";"Stefpernod"
"499590213";"232511465";"0.5276905";"UMP";"Droite";"JBLemoyne";"Stefpernod"
"499673292";"34219923";"0.5273298";"centre";"UMP";"laurencemassat";"Le65avecSarkozy"
"499673292";"33685533";"0.6289752";"UMP";"UMP";"Adecosmi";"Le65avecSarkozy"
"499673292";"232144955";"0.5267482";"UMP";"UMP";"Valerie_LOISEL";"Le65avecSarkozy"
"499673292";"301272907";"0.7354585";"Media";"UMP";"bif_o";"Le65avecSarkozy"
"499673292";"347851279";"0.5223919";"Droite";"UMP";"mpf74";"Le65avecSarkozy"
"499673292";"496907366";"0.5557008";"UMP";"UMP";"C_ATLAN_TAPIERO";"Le65avecSarkozy"
"499673292";"33080295";"0.6018694";"centre";"UMP";"MoDem92";"Le65avecSarkozy"
"499673292";"2305186092";"0.5657697";"UMP";"UMP";"oliviermarleix";"Le65avecSarkozy"
"499673292";"274985153";"0.6044605";"UMP";"UMP";"sdeschiens";"Le65avecSarkozy"
"500687905";"34570323";"0.6772411";"Media";"Media";"Europe1";"E1Politique"
"505998825";"243226629";"0.5202597";"Mairie";"PS";"villedetours";"jp_gille"
"50709869";"412414921";"0.5008970";"Droite";"Droite";"LoicLR_92";"Yann_GAUTIER"
"50709869";"347851279";"0.6014833";"Droite";"Droite";"mpf74";"Yann_GAUTIER"
"50709869";"499673292";"0.6250994";"UMP";"Droite";"Le65avecSarkozy";"Yann_GAUTIER"
"50709869";"496907366";"0.5261657";"UMP";"Droite";"C_ATLAN_TAPIERO";"Yann_GAUTIER"
"508897066";"3345339515";"0.5740497";"PS";"PS";"PSseineetmarne";"RichardBouigue"
"508897066";"118341297";"0.5312808";"PS";"PS";"Rita_Maalouf_";"RichardBouigue"
"508897066";"198828368";"0.6204612";"PS";"PS";"ideashumanumest";"RichardBouigue"
"508897066";"19900973";"0.6078351";"PS";"PS";"partisocialiste";"RichardBouigue"
"508897066";"484861662";"0.5005564";"PS";"PS";"PSSarthe";"RichardBouigue"
"508897066";"29460450";"0.6810455";"PS";"PS";"mdesgayets";"RichardBouigue"
"508897066";"392792965";"0.7614131";"PS";"PS";"OliviaPolski";"RichardBouigue"
"51095169";"15168040";"0.5620342";"Mairie";"Media";"metropolerennes";"ouestfrance35"
"513295044";"285226634";"0.5391816";"PS";"PS";"SebastienDenaja";"chborgel"
"513295044";"14658057";"0.5304592";"PS";"PS";"jccambadelis";"chborgel"
"513295044";"426201331";"0.5099343";"Gauche";"PS";"ElisabethPochon";"chborgel"
"513295044";"3345339515";"0.6512392";"PS";"PS";"PSseineetmarne";"chborgel"
"513295044";"19900973";"0.5320838";"PS";"PS";"partisocialiste";"chborgel"
"513295044";"117798111";"0.5304440";"PS";"PS";"JLGagnaire";"chborgel"
"513295044";"392792965";"0.5697536";"PS";"PS";"OliviaPolski";"chborgel"
"513295044";"508897066";"0.5313476";"PS";"PS";"RichardBouigue";"chborgel"
"513295044";"30042407";"0.6726961";"PS";"PS";"Socialistes4e";"chborgel"
"513295044";"198828368";"0.5619785";"PS";"PS";"ideashumanumest";"chborgel"
"513295044";"29460450";"0.6414095";"PS";"PS";"mdesgayets";"chborgel"
"513295044";"484861662";"0.5133509";"PS";"PS";"PSSarthe";"chborgel"
"51409170";"29960578";"0.5580167";"centre";"Media";"LydiaGuirous";"Le_Progres"
"520449734";"106851687";"0.5690778";"centre";"FN";"MarieLaurent29";"Marion_M_Le_Pen"
"520449734";"351575660";"0.5543254";"centre";"FN";"ColombaniMat";"Marion_M_Le_Pen"
"520449734";"1318611924";"0.6184318";"ExtremeDroite";"FN";"OuchikhKarim";"Marion_M_Le_Pen"
"520449734";"3088517843";"0.6464166";"ExtremeDroite";"FN";"SIEL_Off";"Marion_M_Le_Pen"
"520449734";"380373029";"0.6123386";"UMP";"FN";"phgosselin";"Marion_M_Le_Pen"
"520449734";"194114947";"0.6355857";"Droite";"FN";"CBeigbeder";"Marion_M_Le_Pen"
"520449734";"239867102";"0.5458289";"UMP";"FN";"G_Peltier";"Marion_M_Le_Pen"
"522541240";"48731776";"0.5628586";"Gauche";"ExtremeGauche";"mpdelagontrie";"CelineMalaise"
"527252713";"246506946";"0.5694397";"UMP";"UMP";"HubertdeJenlis";"nflorian33"
"527252713";"1429821811";"0.5105212";"UMP";"UMP";"mhdesesgaulx";"nflorian33"
"527252713";"258345629";"0.5833045";"UMP";"UMP";"alainjuppe";"nflorian33"
"527252713";"352289815";"0.5108059";"PS";"UMP";"AJuppe2017,alainjuppe_2017,AMontebourg2017";"nflorian33"
"527252713";"1149260660";"0.6156960";"UMP";"UMP";"TheveninPatrick";"nflorian33"
"527252713";"359979086";"0.5491644";"UMP";"UMP";"jpraffarin";"nflorian33"
"528890147";"316956459";"0.5498821";"FN";"ExtremeDroite";"louis_aliot";"P_Vardon"
"528890147";"469248037";"0.5094420";"FN";"ExtremeDroite";"wdesaintjust";"P_Vardon"
"528890147";"3298739747";"0.5121705";"FN";"ExtremeDroite";"jeanmarieverani";"P_Vardon"
"528890147";"246919889";"0.5253405";"FN";"ExtremeDroite";"JClBlanchard";"P_Vardon"
"53077778";"3298739747";"0.7121838";"FN";"ExtremeDroite";"jeanmarieverani";"GVZD"
"53077778";"1894416624";"0.5091369";"FN";"ExtremeDroite";"FCoolzaet";"GVZD"
"53077778";"47694062";"0.6514343";"ExtremeDroite";"ExtremeDroite";"ChBouchet";"GVZD"
"53077778";"316956459";"0.8558902";"FN";"ExtremeDroite";"louis_aliot";"GVZD"
"53077778";"2347360369";"0.6224503";"FN";"ExtremeDroite";"Bernard_Monot";"GVZD"
"53077778";"1318611924";"0.6832866";"ExtremeDroite";"ExtremeDroite";"OuchikhKarim";"GVZD"
"53077778";"419915971";"0.6446995";"FN";"ExtremeDroite";"Frontnat12";"GVZD"
"53077778";"347851279";"0.5921523";"Droite";"ExtremeDroite";"mpf74";"GVZD"
"53077778";"528890147";"0.6020378";"ExtremeDroite";"ExtremeDroite";"P_Vardon";"GVZD"
"53077778";"469248037";"0.6256910";"FN";"ExtremeDroite";"wdesaintjust";"GVZD"
"53077778";"113047084";"0.5009629";"ExtremeDroite";"ExtremeDroite";"LdeDanne,ldedanne";"GVZD"
"53077778";"246919889";"0.7471081";"FN";"ExtremeDroite";"JClBlanchard";"GVZD"
"531550143";"218144431";"0.6541671";"UMP";"UMP";"Sylvie_Ramond";"DubyMuller"
"531550143";"254116862";"0.6596809";"Droite";"UMP";"brunobeschizza";"DubyMuller"
"531550143";"367926061";"0.6609374";"UMP";"UMP";"DebordValerie";"DubyMuller"
"531550143";"343884304";"0.5192411";"UMP";"UMP";"C_Frassa";"DubyMuller"
"531550143";"147974770";"0.6073530";"UMP";"UMP";"jacky_deromedi";"DubyMuller"
"531550143";"490126636";"0.5087204";"UMP";"UMP";"NicolasSarkozy";"DubyMuller"
"531550143";"499590213";"0.7068573";"Droite";"UMP";"Stefpernod";"DubyMuller"
"531550143";"132465432";"0.5337732";"Droite";"UMP";"ACTIFSPACACORSE,PhilippeMemoli";"DubyMuller"
"531550143";"296733634";"0.7133541";"UMP";"UMP";"CaVautrin";"DubyMuller"
"531550143";"497074191";"0.6106580";"Droite";"UMP";"ClaudeGreff";"DubyMuller"
"531550143";"245290570";"0.6884355";"UMP";"UMP";"arnaudjulien34";"DubyMuller"
"538945428";"499590213";"0.6428941";"Droite";"UMP";"Stefpernod";"DAUBRESSE_MP"
"538945428";"490126636";"0.7707797";"UMP";"UMP";"NicolasSarkozy";"DAUBRESSE_MP"
"538945428";"497074191";"0.5941662";"Droite";"UMP";"ClaudeGreff";"DAUBRESSE_MP"
"538945428";"132465432";"0.6938083";"Droite";"UMP";"ACTIFSPACACORSE,PhilippeMemoli";"DAUBRESSE_MP"
"538945428";"531550143";"0.6121007";"UMP";"UMP";"DubyMuller";"DAUBRESSE_MP"
"538945428";"254116862";"0.5923207";"Droite";"UMP";"brunobeschizza";"DAUBRESSE_MP"
"538945428";"343884304";"0.6781113";"UMP";"UMP";"C_Frassa";"DAUBRESSE_MP"
"538945428";"147974770";"0.8178717";"UMP";"UMP";"jacky_deromedi";"DAUBRESSE_MP"
"538945428";"218144431";"0.6687101";"UMP";"UMP";"Sylvie_Ramond";"DAUBRESSE_MP"
"538945428";"274985153";"0.5691143";"UMP";"UMP";"sdeschiens";"DAUBRESSE_MP"
"538945428";"367926061";"0.7040062";"UMP";"UMP";"DebordValerie";"DAUBRESSE_MP"
"538945428";"296733634";"0.6454200";"UMP";"UMP";"CaVautrin";"DAUBRESSE_MP"
"538945428";"245290570";"0.6590683";"UMP";"UMP";"arnaudjulien34";"DAUBRESSE_MP"
"540721019";"24744541";"0.6115479";"Media";"Gauche";"lemondefr";"MartineBillard"
"540721019";"311601642";"0.5815965";"Gauche";"Gauche";"ericcoquerel";"MartineBillard"
"540721019";"325180819";"0.5094732";"ExtremeGauche";"Gauche";"ArmandCreus";"MartineBillard"
"540721019";"314247700";"0.7082494";"Gauche";"Gauche";"pperdereau";"MartineBillard"
"540721019";"329686497";"0.6241714";"Gauche";"Gauche";"Simonnet2";"MartineBillard"
"540721019";"1006325990";"0.5315970";"PS";"Gauche";"luccarvounas";"MartineBillard"
"540721019";"103082651";"0.6256819";"PCF";"Gauche";"Slaborde33";"MartineBillard"
"551226524";"409103202";"0.5696307";"UMP";"UMP";"MartineVassal";"solangebiaggi"
"551342517";"367926061";"0.6419569";"UMP";"UMP";"DebordValerie";"NatachaBouchart"
"551342517";"39955031";"0.5283839";"UMP";"UMP";"thierry_legac";"NatachaBouchart"
"551342517";"147974770";"0.7097515";"UMP";"UMP";"jacky_deromedi";"NatachaBouchart"
"551342517";"531550143";"0.5235836";"UMP";"UMP";"DubyMuller";"NatachaBouchart"
"551342517";"499590213";"0.5543875";"Droite";"UMP";"Stefpernod";"NatachaBouchart"
"551342517";"245290570";"0.5590799";"UMP";"UMP";"arnaudjulien34";"NatachaBouchart"
"551342517";"490126636";"0.7506745";"UMP";"UMP";"NicolasSarkozy";"NatachaBouchart"
"551342517";"343884304";"0.5571182";"UMP";"UMP";"C_Frassa";"NatachaBouchart"
"551342517";"296733634";"0.6956375";"UMP";"UMP";"CaVautrin";"NatachaBouchart"
"551342517";"538945428";"0.6763517";"UMP";"UMP";"DAUBRESSE_MP";"NatachaBouchart"
"551342517";"254116862";"0.5796012";"Droite";"UMP";"brunobeschizza";"NatachaBouchart"
"551342517";"485852102";"0.5312173";"UMP";"UMP";"AJoyandet";"NatachaBouchart"
"551342517";"497074191";"0.5308294";"Droite";"UMP";"ClaudeGreff";"NatachaBouchart"
"551342517";"218144431";"0.5938725";"UMP";"UMP";"Sylvie_Ramond";"NatachaBouchart"
"551669623";"493144540";"0.5694816";"UMP";"UMP";"lemenerdom";"FrancoisFillon"
"551669623";"276934698";"0.5626554";"UMP";"UMP";"valerieboyer13";"FrancoisFillon"
"551669623";"1358847770";"0.5253027";"UMP";"UMP";"CDeroche_Senat";"FrancoisFillon"
"551669623";"288670629";"0.5067359";"UMP";"UMP";"DominiqueDord";"FrancoisFillon"
"551669623";"412414921";"0.5141537";"Droite";"UMP";"LoicLR_92";"FrancoisFillon"
"551669623";"459093089";"0.6127298";"UMP";"UMP";"DuboisMarianne,duboismarianne";"FrancoisFillon"
"553627693";"531550143";"0.5917655";"UMP";"UMP";"DubyMuller";"danielegiazzi"
"553627693";"296733634";"0.7314180";"UMP";"UMP";"CaVautrin";"danielegiazzi"
"553627693";"551342517";"0.6773341";"UMP";"UMP";"NatachaBouchart";"danielegiazzi"
"553627693";"147974770";"0.5858001";"UMP";"UMP";"jacky_deromedi";"danielegiazzi"
"553627693";"343884304";"0.7518508";"UMP";"UMP";"C_Frassa";"danielegiazzi"
"553627693";"490126636";"0.7901022";"UMP";"UMP";"NicolasSarkozy";"danielegiazzi"
"553627693";"497074191";"0.5859647";"Droite";"UMP";"ClaudeGreff";"danielegiazzi"
"553627693";"254116862";"0.6730313";"Droite";"UMP";"brunobeschizza";"danielegiazzi"
"553627693";"218144431";"0.6672674";"UMP";"UMP";"Sylvie_Ramond";"danielegiazzi"
"553627693";"1004071460";"0.5613286";"UMP";"UMP";"agneslebrun";"danielegiazzi"
"553627693";"538945428";"0.6679750";"UMP";"UMP";"DAUBRESSE_MP";"danielegiazzi"
"553627693";"499590213";"0.6053229";"Droite";"UMP";"Stefpernod";"danielegiazzi"
"553627693";"367926061";"0.6514366";"UMP";"UMP";"DebordValerie";"danielegiazzi"
"554183197";"490126636";"0.7173415";"UMP";"UMP";"NicolasSarkozy";"VLacroute"
"554183197";"132465432";"0.5470029";"Droite";"UMP";"ACTIFSPACACORSE,PhilippeMemoli";"VLacroute"
"554183197";"254116862";"0.7155373";"Droite";"UMP";"brunobeschizza";"VLacroute"
"554183197";"147974770";"0.6608017";"UMP";"UMP";"jacky_deromedi";"VLacroute"
"554183197";"538945428";"0.7428263";"UMP";"UMP";"DAUBRESSE_MP";"VLacroute"
"554183197";"218144431";"0.5992544";"UMP";"UMP";"Sylvie_Ramond";"VLacroute"
"554183197";"296733634";"0.6952753";"UMP";"UMP";"CaVautrin";"VLacroute"
"554183197";"531550143";"0.7502325";"UMP";"UMP";"DubyMuller";"VLacroute"
"554183197";"553627693";"0.7585146";"UMP";"UMP";"danielegiazzi";"VLacroute"
"554183197";"245290570";"0.6434892";"UMP";"UMP";"arnaudjulien34";"VLacroute"
"554183197";"551342517";"0.6558430";"UMP";"UMP";"NatachaBouchart";"VLacroute"
"554183197";"497074191";"0.6440946";"Droite";"UMP";"ClaudeGreff";"VLacroute"
"554183197";"499590213";"0.6997323";"Droite";"UMP";"Stefpernod";"VLacroute"
"554183197";"1004071460";"0.5403392";"UMP";"UMP";"agneslebrun";"VLacroute"
"554183197";"343884304";"0.7316449";"UMP";"UMP";"C_Frassa";"VLacroute"
"554183197";"367926061";"0.7381142";"UMP";"UMP";"DebordValerie";"VLacroute"
"555044349";"285226634";"0.5452102";"PS";"PS";"SebastienDenaja";"dguillaume26"
"555044349";"380989705";"0.5809630";"PS";"PS";"senateursPS";"dguillaume26"
"561127655";"1358847770";"0.5330483";"UMP";"UMP";"CDeroche_Senat";"CChantelot,CCHANTELOT"
"561127655";"288670629";"0.8531427";"UMP";"UMP";"DominiqueDord";"CChantelot,CCHANTELOT"
"561127655";"476961717";"0.6795649";"UMP";"UMP";"NicolasBonleux";"CChantelot,CCHANTELOT"
"561127655";"459093089";"0.7894138";"UMP";"UMP";"DuboisMarianne,duboismarianne";"CChantelot,CCHANTELOT"
"561127655";"276934698";"0.7941326";"UMP";"UMP";"valerieboyer13";"CChantelot,CCHANTELOT"
"561127655";"412414921";"0.7750428";"Droite";"UMP";"LoicLR_92";"CChantelot,CCHANTELOT"
"561127655";"493144540";"0.6902443";"UMP";"UMP";"lemenerdom";"CChantelot,CCHANTELOT"
"561127655";"551669623";"0.6738487";"UMP";"UMP";"FrancoisFillon";"CChantelot,CCHANTELOT"
"561127655";"47337348";"0.5815608";"UMP";"UMP";"carolinecayeux";"CChantelot,CCHANTELOT"
"561127655";"1358830140";"0.7448279";"UMP";"UMP";"LamureE";"CChantelot,CCHANTELOT"
"561127655";"124391791";"0.5290940";"UMP";"UMP";"XavierPERICAT";"CChantelot,CCHANTELOT"
"561127655";"405780971";"0.5947278";"UMP";"UMP";"MartadeCidrac";"CChantelot,CCHANTELOT"
"561127655";"40851887";"0.6231426";"UMP";"UMP";"merlet75";"CChantelot,CCHANTELOT"
"561127655";"367186655";"0.7031502";"UMP";"UMP";"jechartier";"CChantelot,CCHANTELOT"
"561127655";"374184532";"0.5542753";"UMP";"UMP";"BrunoLeMaire";"CChantelot,CCHANTELOT"
"561127655";"1093208600";"0.5837836";"UMP";"UMP";"j_ump75";"CChantelot,CCHANTELOT"
"561127655";"111323397";"0.6284580";"UMP";"UMP";"Francoispinte";"CChantelot,CCHANTELOT"
"563750397";"1318611924";"0.6601146";"ExtremeDroite";"FN";"OuchikhKarim";"AnnonayPourTous"
"563750397";"347851279";"0.6791785";"Droite";"FN";"mpf74";"AnnonayPourTous"
"563750397";"316956459";"0.5771349";"FN";"FN";"louis_aliot";"AnnonayPourTous"
"563750397";"53077778";"0.6080156";"ExtremeDroite";"FN";"GVZD";"AnnonayPourTous"
"563750397";"419915971";"0.5791424";"FN";"FN";"Frontnat12";"AnnonayPourTous"
"563750397";"228434982";"0.5994793";"Droite";"FN";"RPFCorse";"AnnonayPourTous"
"563750397";"246919889";"0.7805836";"FN";"FN";"JClBlanchard";"AnnonayPourTous"
"563750397";"50709869";"0.5245506";"Droite";"FN";"Yann_GAUTIER";"AnnonayPourTous"
"567092882";"1543776073";"0.5209355";"centre";"centre";"UDI_ardeche";"EricHelard"
"567092882";"246506946";"0.5026258";"UMP";"centre";"HubertdeJenlis";"EricHelard"
"567092882";"258345629";"0.5203375";"UMP";"centre";"alainjuppe";"EricHelard"
"568099321";"520215726";"0.5684418";"PS";"PS";"Guy_Delcourt";"pbloche"
"57060162";"384206154";"0.5187659";"UMP";"UMP";"DidierReault";"ABezardin"
"57315555";"42372218";"0.5235136";"UMP";"UMP";"mbarbot";"Dbussereau"
"57315555";"102458467";"0.5222790";"UMP";"UMP";"emorinchartier";"Dbussereau"
"57315555";"246506946";"0.7142204";"UMP";"UMP";"HubertdeJenlis";"Dbussereau"
"57315555";"527252713";"0.5546767";"UMP";"UMP";"nflorian33";"Dbussereau"
"57315555";"1931057509";"0.5291341";"UMP";"UMP";"GrosdidierSenat";"Dbussereau"
"57315555";"1429821811";"0.6078747";"UMP";"UMP";"mhdesesgaulx";"Dbussereau"
"57315555";"359979086";"0.7166220";"UMP";"UMP";"jpraffarin";"Dbussereau"
"57315555";"1149260660";"0.5258325";"UMP";"UMP";"TheveninPatrick";"Dbussereau"
"57315555";"232511465";"0.5584906";"UMP";"UMP";"JBLemoyne";"Dbussereau"
"57315555";"258345629";"0.5790067";"UMP";"UMP";"alainjuppe";"Dbussereau"
"578114675";"305827361";"0.5154672";"centre";"centre";"FranckMargain";"jfpoisson78"
"578114675";"116229959";"0.7410346";"UMP";"centre";"solere92";"jfpoisson78"
"578114675";"162780631";"0.7028952";"Droite";"centre";"chjamin";"jfpoisson78"
"578114675";"400220155";"0.6785255";"UMP";"centre";"Marclaffineur";"jfpoisson78"
"578114675";"1490528762";"0.7454964";"Droite";"centre";"LePCD95";"jfpoisson78"
"578114675";"42372218";"0.5543344";"UMP";"centre";"mbarbot";"jfpoisson78"
"578114675";"483986924";"0.7162468";"Droite";"centre";"PotieLussigny";"jfpoisson78"
"578114675";"351575660";"0.6533400";"centre";"centre";"ColombaniMat";"jfpoisson78"
"578114675";"231522846";"0.8017450";"Droite";"centre";"jeunespcd";"jfpoisson78"
"57975246";"245290570";"0.5025072";"UMP";"UMP";"arnaudjulien34";"GilAverous"
"57975246";"531550143";"0.5005612";"UMP";"UMP";"DubyMuller";"GilAverous"
"57975246";"296733634";"0.5422277";"UMP";"UMP";"CaVautrin";"GilAverous"
"57975246";"218144431";"0.5262360";"UMP";"UMP";"Sylvie_Ramond";"GilAverous"
"596222204";"316956459";"0.6024764";"FN";"FN";"louis_aliot";"fgrolet"
"596222204";"53077778";"0.7004490";"ExtremeDroite";"FN";"GVZD";"fgrolet"
"596222204";"419915971";"0.5361990";"FN";"FN";"Frontnat12";"fgrolet"
"596222204";"246919889";"0.5657115";"FN";"FN";"JClBlanchard";"fgrolet"
"596222204";"2347360369";"0.5004947";"FN";"FN";"Bernard_Monot";"fgrolet"
"596222204";"1318611924";"0.5005554";"ExtremeDroite";"FN";"OuchikhKarim";"fgrolet"
"596222204";"360071870";"0.5198229";"Droite";"FN";"PascalBlanc_";"fgrolet"
"596222204";"347851279";"0.6060373";"Droite";"FN";"mpf74";"fgrolet"
"59800834";"490126636";"0.6733046";"UMP";"UMP";"NicolasSarkozy";"brigitte_kuster"
"59800834";"538945428";"0.5554833";"UMP";"UMP";"DAUBRESSE_MP";"brigitte_kuster"
"59800834";"554183197";"0.6695507";"UMP";"UMP";"VLacroute";"brigitte_kuster"
"59800834";"338910451";"0.5120916";"UMP";"UMP";"constancelegrip,ConstanceLeGrip";"brigitte_kuster"
"59800834";"531550143";"0.6525589";"UMP";"UMP";"DubyMuller";"brigitte_kuster"
"59800834";"539156968";"0.5300115";"UMP";"UMP";"jp_lecoq";"brigitte_kuster"
"59800834";"367926061";"0.5879441";"UMP";"UMP";"DebordValerie";"brigitte_kuster"
"59800834";"57975246";"0.5830072";"UMP";"UMP";"GilAverous";"brigitte_kuster"
"59800834";"218144431";"0.7514035";"UMP";"UMP";"Sylvie_Ramond";"brigitte_kuster"
"59800834";"343884304";"0.5974082";"UMP";"UMP";"C_Frassa";"brigitte_kuster"
"59800834";"553627693";"0.7559313";"UMP";"UMP";"danielegiazzi";"brigitte_kuster"
"59800834";"296733634";"0.5956505";"UMP";"UMP";"CaVautrin";"brigitte_kuster"
"59800834";"245290570";"0.5062251";"UMP";"UMP";"arnaudjulien34";"brigitte_kuster"
"59800834";"147974770";"0.5855500";"UMP";"UMP";"jacky_deromedi";"brigitte_kuster"
"59800834";"254116862";"0.5999552";"Droite";"UMP";"brunobeschizza";"brigitte_kuster"
"59800834";"497074191";"0.5337454";"Droite";"UMP";"ClaudeGreff";"brigitte_kuster"
"59800834";"551342517";"0.5812823";"UMP";"UMP";"NatachaBouchart";"brigitte_kuster"
"60626246";"205401299";"0.6328905";"PS";"PS";"CBrossel";"RHammadi"
"61164655";"104921164";"0.6487021";"PS";"PS";"VincentGuibert";"dassouline"
"61164655";"568099321";"0.5477090";"PS";"PS";"pbloche";"dassouline"
"61164655";"18578222";"0.7024289";"Gauche";"PS";"larrouturou";"dassouline"
"612517041";"484754469";"0.5258065";"PS";"PS";"BourguignonBrig";"annick_lepetit"
"612517041";"104921164";"0.5022524";"PS";"PS";"VincentGuibert";"annick_lepetit"
"618013031";"402626426";"0.6568903";"UMP";"UMP";"YannickMOREAU";"PDLRepublicains"
"618013031";"408398312";"0.8404810";"UMP";"UMP";"BrunoRetailleau";"PDLRepublicains"
"623287251";"111323397";"0.5923182";"UMP";"UMP";"Francoispinte";"Fillon2017_75"
"623287251";"459093089";"0.7585675";"UMP";"UMP";"DuboisMarianne,duboismarianne";"Fillon2017_75"
"623287251";"456524623";"0.6629170";"UMP";"UMP";"JF_Lamour";"Fillon2017_75"
"623287251";"1358830140";"0.7531057";"UMP";"UMP";"LamureE";"Fillon2017_75"
"623287251";"288670629";"0.8277124";"UMP";"UMP";"DominiqueDord";"Fillon2017_75"
"623287251";"405780971";"0.5021737";"UMP";"UMP";"MartadeCidrac";"Fillon2017_75"
"623287251";"412414921";"0.7028310";"Droite";"UMP";"LoicLR_92";"Fillon2017_75"
"623287251";"493144540";"0.5031592";"UMP";"UMP";"lemenerdom";"Fillon2017_75"
"623287251";"276934698";"0.7103063";"UMP";"UMP";"valerieboyer13";"Fillon2017_75"
"623287251";"367186655";"0.8367995";"UMP";"UMP";"jechartier";"Fillon2017_75"
"623287251";"1093208600";"0.5638144";"UMP";"UMP";"j_ump75";"Fillon2017_75"
"623287251";"561127655";"0.7820191";"UMP";"UMP";"CChantelot,CCHANTELOT";"Fillon2017_75"
"623287251";"1358847770";"0.6852524";"UMP";"UMP";"CDeroche_Senat";"Fillon2017_75"
"623287251";"47337348";"0.5488514";"UMP";"UMP";"carolinecayeux";"Fillon2017_75"
"623287251";"551669623";"0.5586805";"UMP";"UMP";"FrancoisFillon";"Fillon2017_75"
"628213688";"384206154";"0.5175980";"UMP";"UMP";"DidierReault";"TousavecJuppe,Fillon34,AJ_Herault,TeamFillon38"
"628213688";"567092882";"0.5936457";"centre";"UMP";"EricHelard";"TousavecJuppe,Fillon34,AJ_Herault,TeamFillon38"
"628213688";"42372218";"0.5495296";"UMP";"UMP";"mbarbot";"TousavecJuppe,Fillon34,AJ_Herault,TeamFillon38"
"628213688";"359979086";"0.6361353";"UMP";"UMP";"jpraffarin";"TousavecJuppe,Fillon34,AJ_Herault,TeamFillon38"
"628213688";"360071870";"0.6105725";"Droite";"UMP";"PascalBlanc_";"TousavecJuppe,Fillon34,AJ_Herault,TeamFillon38"
"628213688";"413833741";"0.6137856";"Droite";"UMP";"sophierocher1";"TousavecJuppe,Fillon34,AJ_Herault,TeamFillon38"
"628213688";"102458467";"0.5487147";"UMP";"UMP";"emorinchartier";"TousavecJuppe,Fillon34,AJ_Herault,TeamFillon38"
"628213688";"352289815";"0.6203318";"PS";"UMP";"AJuppe2017,alainjuppe_2017,AMontebourg2017";"TousavecJuppe,Fillon34,AJ_Herault,TeamFillon38"
"628213688";"1149260660";"0.7168945";"UMP";"UMP";"TheveninPatrick";"TousavecJuppe,Fillon34,AJ_Herault,TeamFillon38"
"628213688";"116229959";"0.5218813";"UMP";"UMP";"solere92";"TousavecJuppe,Fillon34,AJ_Herault,TeamFillon38"
"628213688";"57315555";"0.5958732";"UMP";"UMP";"Dbussereau";"TousavecJuppe,Fillon34,AJ_Herault,TeamFillon38"
"628213688";"1429821811";"0.5749367";"UMP";"UMP";"mhdesesgaulx";"TousavecJuppe,Fillon34,AJ_Herault,TeamFillon38"
"628213688";"258345629";"0.6933203";"UMP";"UMP";"alainjuppe";"TousavecJuppe,Fillon34,AJ_Herault,TeamFillon38"
"628213688";"400220155";"0.7285232";"UMP";"UMP";"Marclaffineur";"TousavecJuppe,Fillon34,AJ_Herault,TeamFillon38"
"628213688";"246506946";"0.6811956";"UMP";"UMP";"HubertdeJenlis";"TousavecJuppe,Fillon34,AJ_Herault,TeamFillon38"
"629252297";"551669623";"0.8575776";"UMP";"UMP";"FrancoisFillon";"Fillon2017_59"
"632413317";"472412809";"0.5057222";"FN";"FN";"f_philippot";"ChBoudot"
"632413317";"316956459";"0.5033584";"FN";"FN";"louis_aliot";"ChBoudot"
"632413317";"53077778";"0.5383777";"ExtremeDroite";"FN";"GVZD";"ChBoudot"
"635324085";"623287251";"0.7097567";"UMP";"UMP";"Fillon2017_75";"FRepublicaine33,Teamfillon33"
"635324085";"412414921";"0.7035446";"Droite";"UMP";"LoicLR_92";"FRepublicaine33,Teamfillon33"
"635324085";"459093089";"0.7489785";"UMP";"UMP";"DuboisMarianne,duboismarianne";"FRepublicaine33,Teamfillon33"
"635324085";"561127655";"0.7345599";"UMP";"UMP";"CChantelot,CCHANTELOT";"FRepublicaine33,Teamfillon33"
"635324085";"1093208600";"0.6420619";"UMP";"UMP";"j_ump75";"FRepublicaine33,Teamfillon33"
"635324085";"629252297";"0.7207726";"UMP";"UMP";"Fillon2017_59";"FRepublicaine33,Teamfillon33"
"635324085";"367186655";"0.6103630";"UMP";"UMP";"jechartier";"FRepublicaine33,Teamfillon33"
"635324085";"551669623";"0.8188318";"UMP";"UMP";"FrancoisFillon";"FRepublicaine33,Teamfillon33"
"635324085";"1358847770";"0.5351298";"UMP";"UMP";"CDeroche_Senat";"FRepublicaine33,Teamfillon33"
"635324085";"476961717";"0.5496268";"UMP";"UMP";"NicolasBonleux";"FRepublicaine33,Teamfillon33"
"635324085";"288670629";"0.6648359";"UMP";"UMP";"DominiqueDord";"FRepublicaine33,Teamfillon33"
"635324085";"276934698";"0.7210399";"UMP";"UMP";"valerieboyer13";"FRepublicaine33,Teamfillon33"
"635324085";"405780971";"0.5575826";"UMP";"UMP";"MartadeCidrac";"FRepublicaine33,Teamfillon33"
"635324085";"375314969";"0.5366298";"UMP";"UMP";"AvecJFC";"FRepublicaine33,Teamfillon33"
"635324085";"47337348";"0.6271370";"UMP";"UMP";"carolinecayeux";"FRepublicaine33,Teamfillon33"
"635324085";"456524623";"0.5714503";"UMP";"UMP";"JF_Lamour";"FRepublicaine33,Teamfillon33"
"635324085";"493144540";"0.6045366";"UMP";"UMP";"lemenerdom";"FRepublicaine33,Teamfillon33"
"635324085";"1358830140";"0.6670051";"UMP";"UMP";"LamureE";"FRepublicaine33,Teamfillon33"
"63670861";"102458467";"0.5196592";"UMP";"UMP";"emorinchartier";"Cthoma"
"63670861";"258345629";"0.5176766";"UMP";"UMP";"alainjuppe";"Cthoma"
"63670861";"359979086";"0.6206353";"UMP";"UMP";"jpraffarin";"Cthoma"
"63670861";"527252713";"0.5187161";"UMP";"UMP";"nflorian33";"Cthoma"
"63670861";"1149260660";"0.6530424";"UMP";"UMP";"TheveninPatrick";"Cthoma"
"63670861";"413833741";"0.7780023";"Droite";"UMP";"sophierocher1";"Cthoma"
"63670861";"384206154";"0.5818773";"UMP";"UMP";"DidierReault";"Cthoma"
"63670861";"352289815";"0.6264177";"PS";"UMP";"AJuppe2017,alainjuppe_2017,AMontebourg2017";"Cthoma"
"63670861";"628213688";"0.7075289";"UMP";"UMP";"TousavecJuppe,Fillon34,AJ_Herault,TeamFillon38";"Cthoma"
"63670861";"22245559";"0.5140625";"UMP";"UMP";"benoistapparu";"Cthoma"
"63670861";"246506946";"0.6113051";"UMP";"UMP";"HubertdeJenlis";"Cthoma"
"69032746";"388790119";"0.5635538";"PS";"PS";"IThisSaintJean";"RoyalSegolene"
"69255422";"382027019";"0.5093183";"PS";"PS";"francoiskalfon";"montebourg"
"69255422";"1140874034";"0.5350532";"PS";"PS";"Kheira_Bouziane";"montebourg"
"69255422";"110521463";"0.6571644";"Gauche";"PS";"PatricePrat";"montebourg"
"712211490";"239867102";"0.6619127";"UMP";"UMP";"G_Peltier";"la_droiteforte"
"712211490";"106851687";"0.5030916";"centre";"UMP";"MarieLaurent29";"la_droiteforte"
"712211490";"380373029";"0.5969917";"UMP";"UMP";"phgosselin";"la_droiteforte"
"712211490";"520449734";"0.5183521";"FN";"UMP";"Marion_M_Le_Pen";"la_droiteforte"
"712211490";"483986924";"0.5020099";"Droite";"UMP";"PotieLussigny";"la_droiteforte"
"731322800";"459093089";"0.7072728";"UMP";"UMP";"DuboisMarianne,duboismarianne";"SRohfritsch"
"731322800";"561127655";"0.8560943";"UMP";"UMP";"CChantelot,CCHANTELOT";"SRohfritsch"
"731322800";"412414921";"0.8081061";"Droite";"UMP";"LoicLR_92";"SRohfritsch"
"731322800";"456524623";"0.5807731";"UMP";"UMP";"JF_Lamour";"SRohfritsch"
"731322800";"1358830140";"0.7284033";"UMP";"UMP";"LamureE";"SRohfritsch"
"731322800";"635324085";"0.7121275";"UMP";"UMP";"FRepublicaine33,Teamfillon33";"SRohfritsch"
"731322800";"367186655";"0.7391329";"UMP";"UMP";"jechartier";"SRohfritsch"
"731322800";"405780971";"0.5502663";"UMP";"UMP";"MartadeCidrac";"SRohfritsch"
"731322800";"623287251";"0.8450837";"UMP";"UMP";"Fillon2017_75";"SRohfritsch"
"731322800";"288670629";"0.8907804";"UMP";"UMP";"DominiqueDord";"SRohfritsch"
"731322800";"551669623";"0.5643939";"UMP";"UMP";"FrancoisFillon";"SRohfritsch"
"731322800";"476961717";"0.6208819";"UMP";"UMP";"NicolasBonleux";"SRohfritsch"
"731322800";"276934698";"0.7880016";"UMP";"UMP";"valerieboyer13";"SRohfritsch"
"731322800";"1358847770";"0.5572256";"UMP";"UMP";"CDeroche_Senat";"SRohfritsch"
"731322800";"493144540";"0.6526419";"UMP";"UMP";"lemenerdom";"SRohfritsch"
"731322800";"47337348";"0.6703584";"UMP";"UMP";"carolinecayeux";"SRohfritsch"
"731322800";"111323397";"0.6244701";"UMP";"UMP";"Francoispinte";"SRohfritsch"
"731322800";"1093208600";"0.5259213";"UMP";"UMP";"j_ump75";"SRohfritsch"
"73369280";"33685533";"0.5367680";"UMP";"Media";"Adecosmi";"ldeboissieu"
"73369280";"50709869";"0.5282042";"Droite";"Media";"Yann_GAUTIER";"ldeboissieu"
"73369280";"357412940";"0.7365970";"Media";"Media";"franceinfolive,francetvinfo,franceinfoplus";"ldeboissieu"
"736811689";"2305186092";"0.5112578";"UMP";"UMP";"oliviermarleix";"ibalkany"
"736811689";"1004071460";"0.5682223";"UMP";"UMP";"agneslebrun";"ibalkany"
"736811689";"531550143";"0.5684316";"UMP";"UMP";"DubyMuller";"ibalkany"
"736811689";"218144431";"0.6613281";"UMP";"UMP";"Sylvie_Ramond";"ibalkany"
"736811689";"59800834";"0.5025149";"UMP";"UMP";"brigitte_kuster";"ibalkany"
"736811689";"245290570";"0.5957899";"UMP";"UMP";"arnaudjulien34";"ibalkany"
"736811689";"499590213";"0.5165285";"Droite";"UMP";"Stefpernod";"ibalkany"
"736811689";"296733634";"0.6017241";"UMP";"UMP";"CaVautrin";"ibalkany"
"736811689";"254116862";"0.5347111";"Droite";"UMP";"brunobeschizza";"ibalkany"
"736811689";"274985153";"0.7945669";"UMP";"UMP";"sdeschiens";"ibalkany"
"736811689";"553627693";"0.5373345";"UMP";"UMP";"danielegiazzi";"ibalkany"
"736811689";"554183197";"0.6331211";"UMP";"UMP";"VLacroute";"ibalkany"
"736811689";"147974770";"0.6098668";"UMP";"UMP";"jacky_deromedi";"ibalkany"
"736811689";"367926061";"0.7586337";"UMP";"UMP";"DebordValerie";"ibalkany"
"736811689";"497074191";"0.5227955";"Droite";"UMP";"ClaudeGreff";"ibalkany"
"736811689";"538945428";"0.6208668";"UMP";"UMP";"DAUBRESSE_MP";"ibalkany"
"75271881";"285226634";"0.6847254";"PS";"PS";"SebastienDenaja";"PJouvet"
"75271881";"513295044";"0.5193783";"PS";"PS";"chborgel";"PJouvet"
"75271881";"29460450";"0.5345164";"PS";"PS";"mdesgayets";"PJouvet"
"75271881";"198828368";"0.5228298";"PS";"PS";"ideashumanumest";"PJouvet"
"75271881";"25489768";"0.5343580";"Gauche";"PS";"VincentFeltesse";"PJouvet"
"75597552";"484754469";"0.5849045";"PS";"UMP";"BourguignonBrig";"DeputeTardy"
"75597552";"459093089";"0.5703303";"UMP";"UMP";"DuboisMarianne,duboismarianne";"DeputeTardy"
"75597552";"1543186440";"0.5137457";"centre";"UMP";"udi_an";"DeputeTardy"
"75597552";"436780101";"0.5866866";"centre";"UMP";"BertrandPancher";"DeputeTardy"
"77963355";"151043323";"0.5049414";"Media";"PCF";"msoudais";"PatrickLeHyaric"
"77963355";"325180819";"0.5725498";"ExtremeGauche";"PCF";"ArmandCreus";"PatrickLeHyaric"
"77963355";"498934313";"0.6168586";"Gauche";"PCF";"crcsenat";"PatrickLeHyaric"
"77963355";"2841196901";"0.7163487";"FN";"PCF";"e_ferrand";"PatrickLeHyaric"
"77963355";"311601642";"0.5347447";"Gauche";"PCF";"ericcoquerel";"PatrickLeHyaric"
"78011870";"21302947";"0.5034110";"PS";"PS";"PierreKanuty";"christine_frey1"
"78011870";"432835457";"0.5927859";"UMP";"PS";"jeromedubus";"christine_frey1"
"78011870";"130495269";"0.6501863";"PS";"PS";"VincentTISON";"christine_frey1"
"78085410";"472412809";"0.5303079";"FN";"FN";"f_philippot";"FN_officiel"
"78085410";"3298739747";"0.5814611";"FN";"FN";"jeanmarieverani";"FN_officiel"
"78085410";"223847367";"0.6544433";"FN";"FN";"Lilian7130";"FN_officiel"
"78085410";"491560128";"0.5529573";"FN";"FN";"aurelbx";"FN_officiel"
"78085410";"189815209";"0.7291299";"FN";"FN";"david_rachline";"FN_officiel"
"78085410";"2443718293";"0.7283611";"FN";"FN";"nicolasbayfn";"FN_officiel"
"785280686";"357412940";"0.5034886";"Media";"UMP";"franceinfolive,francetvinfo,franceinfoplus";"BLMRhone"
"785280686";"40851887";"0.7197782";"UMP";"UMP";"merlet75";"BLMRhone"
"785280686";"412414921";"0.5783269";"Droite";"UMP";"LoicLR_92";"BLMRhone"
"785280686";"561127655";"0.5171007";"UMP";"UMP";"CChantelot,CCHANTELOT";"BLMRhone"
"785280686";"374184532";"0.6406178";"UMP";"UMP";"BrunoLeMaire";"BLMRhone"
"785280686";"493144540";"0.6470661";"UMP";"UMP";"lemenerdom";"BLMRhone"
"80259087";"578114675";"0.8208812";"centre";"Droite";"jfpoisson78";"le_pcd"
"80259087";"162780631";"0.5982848";"Droite";"Droite";"chjamin";"le_pcd"
"80259087";"1490528762";"0.6722488";"Droite";"Droite";"LePCD95";"le_pcd"
"80259087";"483986924";"0.5857515";"Droite";"Droite";"PotieLussigny";"le_pcd"
"80259087";"116229959";"0.5788480";"UMP";"Droite";"solere92";"le_pcd"
"80259087";"400220155";"0.5446113";"UMP";"Droite";"Marclaffineur";"le_pcd"
"80259087";"351575660";"0.8560866";"centre";"Droite";"ColombaniMat";"le_pcd"
"80259087";"231522846";"0.6768510";"Droite";"Droite";"jeunespcd";"le_pcd"
"808417134";"232511465";"0.5174600";"UMP";"Media";"JBLemoyne";"19HRuthElkrief"
"808417134";"301351765";"0.5564467";"UMP";"Media";"stephanebourhis";"19HRuthElkrief"
"808417134";"51409170";"0.5974620";"Media";"Media";"Le_Progres";"19HRuthElkrief"
"808417134";"347851279";"0.5024940";"Droite";"Media";"mpf74";"19HRuthElkrief"
"808428122";"45343260";"0.5162116";"PS";"Media";"Antonio_Duarte";"20HPolitique"
"808428122";"101817931";"0.5063642";"Droite";"Media";"alainhoupert";"20HPolitique"
"813730776";"26073581";"0.5622127";"PS";"PS";"Anne_Hidalgo";"AvecAnne"
"813730776";"1589648886";"0.5217731";"PS";"PS";"TousAvecAnne,TousAvecHamon";"AvecAnne"
"819772525";"1543776073";"0.5080511";"centre";"Droite";"UDI_ardeche";"UDI_off"
"819772525";"296393928";"0.5377964";"centre";"Droite";"brunoDRAPRON";"UDI_off"
"82076380";"63670861";"0.7089404";"UMP";"Droite";"Cthoma";"FranckReynier"
"82076380";"258345629";"0.5081741";"UMP";"Droite";"alainjuppe";"FranckReynier"
"82076380";"628213688";"0.5721580";"UMP";"Droite";"TousavecJuppe,Fillon34,AJ_Herault,TeamFillon38";"FranckReynier"
"82076380";"352289815";"0.6987136";"PS";"Droite";"AJuppe2017,alainjuppe_2017,AMontebourg2017";"FranckReynier"
"82076380";"22245559";"0.6138470";"UMP";"Droite";"benoistapparu";"FranckReynier"
"82076380";"413833741";"0.8002747";"Droite";"Droite";"sophierocher1";"FranckReynier"
"82076380";"75597552";"0.5189163";"UMP";"Droite";"DeputeTardy";"FranckReynier"
"82603884";"61164655";"0.5606613";"PS";"PS";"dassouline";"NadAbomangoli"
"82603884";"127643327";"0.5374493";"PS";"PS";"luniseMarquis";"NadAbomangoli"
"83120914";"359979086";"0.6638024";"UMP";"UMP";"jpraffarin";"fabienne_keller"
"83120914";"413833741";"0.6054281";"Droite";"UMP";"sophierocher1";"fabienne_keller"
"83120914";"258345629";"0.5363579";"UMP";"UMP";"alainjuppe";"fabienne_keller"
"83120914";"1149260660";"0.6729013";"UMP";"UMP";"TheveninPatrick";"fabienne_keller"
"83120914";"628213688";"0.6481465";"UMP";"UMP";"TousavecJuppe,Fillon34,AJ_Herault,TeamFillon38";"fabienne_keller"
"83120914";"82076380";"0.5362624";"Droite";"UMP";"FranckReynier";"fabienne_keller"
"83120914";"57315555";"0.5152101";"UMP";"UMP";"Dbussereau";"fabienne_keller"
"83120914";"352289815";"0.6481641";"PS";"UMP";"AJuppe2017,alainjuppe_2017,AMontebourg2017";"fabienne_keller"
"83120914";"232511465";"0.5295643";"UMP";"UMP";"JBLemoyne";"fabienne_keller"
"83120914";"102458467";"0.6035178";"UMP";"UMP";"emorinchartier";"fabienne_keller"
"83120914";"384206154";"0.6217593";"UMP";"UMP";"DidierReault";"fabienne_keller"
"83120914";"63670861";"0.7255025";"UMP";"UMP";"Cthoma";"fabienne_keller"
"83120914";"527252713";"0.6481806";"UMP";"UMP";"nflorian33";"fabienne_keller"
"83120914";"246506946";"0.7138460";"UMP";"UMP";"HubertdeJenlis";"fabienne_keller"
"833592482";"26073581";"0.5035220";"PS";"UMP";"Anne_Hidalgo";"Republicains_75"
"85040540";"339647694";"0.5089390";"centre";"UMP";"fm_PRGParis";"geoffroyboulard"
"85040540";"59800834";"0.6481403";"UMP";"UMP";"brigitte_kuster";"geoffroyboulard"
"85040540";"712211490";"0.5198847";"UMP";"UMP";"la_droiteforte";"geoffroyboulard"
"85541760";"478377750";"0.5374924";"UMP";"UMP";"CPozmentier";"SebastienHuyghe"
"85541760";"367926061";"0.7231961";"UMP";"UMP";"DebordValerie";"SebastienHuyghe"
"85541760";"554183197";"0.6698769";"UMP";"UMP";"VLacroute";"SebastienHuyghe"
"85541760";"538945428";"0.7987091";"UMP";"UMP";"DAUBRESSE_MP";"SebastienHuyghe"
"85541760";"551342517";"0.7544243";"UMP";"UMP";"NatachaBouchart";"SebastienHuyghe"
"85541760";"245290570";"0.7106606";"UMP";"UMP";"arnaudjulien34";"SebastienHuyghe"
"85541760";"132465432";"0.6735465";"Droite";"UMP";"ACTIFSPACACORSE,PhilippeMemoli";"SebastienHuyghe"
"85541760";"736811689";"0.5788756";"UMP";"UMP";"ibalkany";"SebastienHuyghe"
"85541760";"1004071460";"0.5158498";"UMP";"UMP";"agneslebrun";"SebastienHuyghe"
"85541760";"296733634";"0.8237111";"UMP";"UMP";"CaVautrin";"SebastienHuyghe"
"85541760";"490126636";"0.8325173";"UMP";"UMP";"NicolasSarkozy";"SebastienHuyghe"
"85541760";"343884304";"0.5775068";"UMP";"UMP";"C_Frassa";"SebastienHuyghe"
"85541760";"553627693";"0.6772587";"UMP";"UMP";"danielegiazzi";"SebastienHuyghe"
"85541760";"497074191";"0.6547537";"Droite";"UMP";"ClaudeGreff";"SebastienHuyghe"
"85541760";"254116862";"0.5542187";"Droite";"UMP";"brunobeschizza";"SebastienHuyghe"
"85541760";"59800834";"0.6267001";"UMP";"UMP";"brigitte_kuster";"SebastienHuyghe"
"85541760";"147974770";"0.8907428";"UMP";"UMP";"jacky_deromedi";"SebastienHuyghe"
"85541760";"499590213";"0.6598703";"Droite";"UMP";"Stefpernod";"SebastienHuyghe"
"85541760";"218144431";"0.6666672";"UMP";"UMP";"Sylvie_Ramond";"SebastienHuyghe"
"85541760";"531550143";"0.6287281";"UMP";"UMP";"DubyMuller";"SebastienHuyghe"
"85829421";"314247700";"0.6152167";"Gauche";"Gauche";"pperdereau";"chombeau"
"85829421";"329686497";"0.5737573";"Gauche";"Gauche";"Simonnet2";"chombeau"
"85829421";"311601642";"0.6795840";"Gauche";"Gauche";"ericcoquerel";"chombeau"
"85829421";"540721019";"0.6361256";"Gauche";"Gauche";"MartineBillard";"chombeau"
"85829421";"325180819";"0.6069013";"ExtremeGauche";"Gauche";"ArmandCreus";"chombeau"
"85829421";"151043323";"0.5807888";"Media";"Gauche";"msoudais";"chombeau"
"85863327";"596222204";"0.5044060";"FN";"Droite";"fgrolet";"JeunesDLF"
"86112580";"499590213";"0.5266861";"Droite";"UMP";"Stefpernod";"DoroMour"
"86112580";"531550143";"0.5418203";"UMP";"UMP";"DubyMuller";"DoroMour"
"86112580";"497074191";"0.6317522";"Droite";"UMP";"ClaudeGreff";"DoroMour"
"86112580";"367926061";"0.5255054";"UMP";"UMP";"DebordValerie";"DoroMour"
"86112580";"554183197";"0.5389389";"UMP";"UMP";"VLacroute";"DoroMour"
"86112580";"736811689";"0.5747103";"UMP";"UMP";"ibalkany";"DoroMour"
"86112580";"538945428";"0.5067283";"UMP";"UMP";"DAUBRESSE_MP";"DoroMour"
"86112580";"296733634";"0.5035463";"UMP";"UMP";"CaVautrin";"DoroMour"
"864276409";"31716693";"0.5194305";"ExtremeDroite";"FN";"pierrecheynet";"JcPhilipot"
"864276409";"347851279";"0.6363971";"Droite";"FN";"mpf74";"JcPhilipot"
"864276409";"232144955";"0.5726754";"UMP";"FN";"Valerie_LOISEL";"JcPhilipot"
"864276409";"419915971";"0.5064128";"FN";"FN";"Frontnat12";"JcPhilipot"
"864276409";"563750397";"0.5135874";"FN";"FN";"AnnonayPourTous";"JcPhilipot"
"864276409";"113047084";"0.5208960";"ExtremeDroite";"FN";"LdeDanne,ldedanne";"JcPhilipot"
"864276409";"2443718293";"0.5355865";"FN";"FN";"nicolasbayfn";"JcPhilipot"
"864276409";"520449734";"0.5121378";"FN";"FN";"Marion_M_Le_Pen";"JcPhilipot"
"864276409";"2347360369";"0.5205062";"FN";"FN";"Bernard_Monot";"JcPhilipot"
"864276409";"53077778";"0.6990696";"ExtremeDroite";"FN";"GVZD";"JcPhilipot"
"864276409";"246919889";"0.5789625";"FN";"FN";"JClBlanchard";"JcPhilipot"
"864276409";"194114947";"0.5328728";"Droite";"FN";"CBeigbeder";"JcPhilipot"
"864276409";"1006325990";"0.5604563";"PS";"FN";"luccarvounas";"JcPhilipot"
"864276409";"316956459";"0.6179466";"FN";"FN";"louis_aliot";"JcPhilipot"
"864276409";"802959254";"0.5022105";"Droite";"FN";"ChristVanneste";"JcPhilipot"
"864276409";"47694062";"0.6277606";"ExtremeDroite";"FN";"ChBouchet";"JcPhilipot"
"864276409";"499673292";"0.5902436";"UMP";"FN";"Le65avecSarkozy";"JcPhilipot"
"864276409";"3298739747";"0.5737946";"FN";"FN";"jeanmarieverani";"JcPhilipot"
"864276409";"596222204";"0.6179618";"FN";"FN";"fgrolet";"JcPhilipot"
"864276409";"1318611924";"0.5541078";"ExtremeDroite";"FN";"OuchikhKarim";"JcPhilipot"
"87166450";"69032746";"0.5270575";"PS";"PS";"RoyalSegolene";"Michele_SABBAN"
"87166450";"388790119";"0.5186120";"PS";"PS";"IThisSaintJean";"Michele_SABBAN"
"87166450";"289017474";"0.5880463";"centre";"PS";"olga_johnson";"Michele_SABBAN"
"87212906";"864276409";"0.5900745";"FN";"UMP";"JcPhilipot";"ThierryMARIANI"
"87212906";"802959254";"0.5572685";"Droite";"UMP";"ChristVanneste";"ThierryMARIANI"
"874952594";"635324085";"0.8665260";"UMP";"UMP";"FRepublicaine33,Teamfillon33";"AvecFillon2017"
"874952594";"456524623";"0.5590946";"UMP";"UMP";"JF_Lamour";"AvecFillon2017"
"874952594";"412414921";"0.6774436";"Droite";"UMP";"LoicLR_92";"AvecFillon2017"
"874952594";"1358847770";"0.6360522";"UMP";"UMP";"CDeroche_Senat";"AvecFillon2017"
"874952594";"623287251";"0.7526257";"UMP";"UMP";"Fillon2017_75";"AvecFillon2017"
"874952594";"111323397";"0.5717145";"UMP";"UMP";"Francoispinte";"AvecFillon2017"
"874952594";"731322800";"0.6945205";"UMP";"UMP";"SRohfritsch";"AvecFillon2017"
"874952594";"1358830140";"0.6572950";"UMP";"UMP";"LamureE";"AvecFillon2017"
"874952594";"493144540";"0.6475042";"UMP";"UMP";"lemenerdom";"AvecFillon2017"
"874952594";"288670629";"0.6377409";"UMP";"UMP";"DominiqueDord";"AvecFillon2017"
"874952594";"629252297";"0.7464938";"UMP";"UMP";"Fillon2017_59";"AvecFillon2017"
"874952594";"785280686";"0.5094739";"UMP";"UMP";"BLMRhone";"AvecFillon2017"
"874952594";"367186655";"0.6155308";"UMP";"UMP";"jechartier";"AvecFillon2017"
"874952594";"551669623";"0.8770311";"UMP";"UMP";"FrancoisFillon";"AvecFillon2017"
"874952594";"276934698";"0.6832574";"UMP";"UMP";"valerieboyer13";"AvecFillon2017"
"874952594";"561127655";"0.7331616";"UMP";"UMP";"CChantelot,CCHANTELOT";"AvecFillon2017"
"874952594";"40851887";"0.5649239";"UMP";"UMP";"merlet75";"AvecFillon2017"
"874952594";"459093089";"0.7010106";"UMP";"UMP";"DuboisMarianne,duboismarianne";"AvecFillon2017"
"874952594";"1093208600";"0.5999774";"UMP";"UMP";"j_ump75";"AvecFillon2017"
"874952594";"47337348";"0.5459253";"UMP";"UMP";"carolinecayeux";"AvecFillon2017"
"874952594";"476961717";"0.5645494";"UMP";"UMP";"NicolasBonleux";"AvecFillon2017"
"87886754";"436780101";"0.5050228";"centre";"UMP";"BertrandPancher";"ECiotti"
"90409722";"384206154";"0.5252734";"UMP";"UMP";"DidierReault";"pybournazel"
"90409722";"567092882";"0.6146016";"centre";"UMP";"EricHelard";"pybournazel"
"90409722";"360071870";"0.5037490";"Droite";"UMP";"PascalBlanc_";"pybournazel"
"90409722";"352289815";"0.5228580";"PS";"UMP";"AJuppe2017,alainjuppe_2017,AMontebourg2017";"pybournazel"
"90409722";"57315555";"0.5273110";"UMP";"UMP";"Dbussereau";"pybournazel"
"90409722";"246506946";"0.6694555";"UMP";"UMP";"HubertdeJenlis";"pybournazel"
"90409722";"413833741";"0.5198059";"Droite";"UMP";"sophierocher1";"pybournazel"
"90409722";"359979086";"0.6100562";"UMP";"UMP";"jpraffarin";"pybournazel"
"90409722";"63670861";"0.6543406";"UMP";"UMP";"Cthoma";"pybournazel"
"90409722";"628213688";"0.7049177";"UMP";"UMP";"TousavecJuppe,Fillon34,AJ_Herault,TeamFillon38";"pybournazel"
"90409722";"83120914";"0.6657609";"UMP";"UMP";"fabienne_keller";"pybournazel"
"90409722";"1149260660";"0.6064796";"UMP";"UMP";"TheveninPatrick";"pybournazel"
"90409722";"258345629";"0.5578787";"UMP";"UMP";"alainjuppe";"pybournazel"
"908386554";"374184532";"0.5950512";"UMP";"UMP";"BrunoLeMaire";"LaetitiaHamon"
"90894097";"561127655";"0.6489517";"UMP";"Droite";"CChantelot,CCHANTELOT";"douce2franclieu"
"90894097";"232511465";"0.5122838";"UMP";"Droite";"JBLemoyne";"douce2franclieu"
"90894097";"50709869";"0.6410749";"Droite";"Droite";"Yann_GAUTIER";"douce2franclieu"
"90894097";"456524623";"0.6959936";"UMP";"Droite";"JF_Lamour";"douce2franclieu"
"90894097";"359979086";"0.5250529";"UMP";"Droite";"jpraffarin";"douce2franclieu"
"90894097";"635324085";"0.7117982";"UMP";"Droite";"FRepublicaine33,Teamfillon33";"douce2franclieu"
"90894097";"305827361";"0.5456980";"centre";"Droite";"FranckMargain";"douce2franclieu"
"90894097";"111323397";"0.5124629";"UMP";"Droite";"Francoispinte";"douce2franclieu"
"90894097";"1093208600";"0.5939670";"UMP";"Droite";"j_ump75";"douce2franclieu"
"90894097";"459093089";"0.6022533";"UMP";"Droite";"DuboisMarianne,duboismarianne";"douce2franclieu"
"90894097";"551669623";"0.5032100";"UMP";"Droite";"FrancoisFillon";"douce2franclieu"
"90894097";"1358830140";"0.6590506";"UMP";"Droite";"LamureE";"douce2franclieu"
"90894097";"276934698";"0.6952832";"UMP";"Droite";"valerieboyer13";"douce2franclieu"
"90894097";"375314969";"0.5540469";"UMP";"Droite";"AvecJFC";"douce2franclieu"
"90894097";"874952594";"0.6245919";"UMP";"Droite";"AvecFillon2017";"douce2franclieu"
"90894097";"412414921";"0.6936128";"Droite";"Droite";"LoicLR_92";"douce2franclieu"
"90894097";"288670629";"0.6797273";"UMP";"Droite";"DominiqueDord";"douce2franclieu"
"90894097";"367186655";"0.5962698";"UMP";"Droite";"jechartier";"douce2franclieu"
"90894097";"405780971";"0.5022591";"UMP";"Droite";"MartadeCidrac";"douce2franclieu"
"90894097";"493144540";"0.5872166";"UMP";"Droite";"lemenerdom";"douce2franclieu"
"90894097";"731322800";"0.7150232";"UMP";"Droite";"SRohfritsch";"douce2franclieu"
"90894097";"44347701";"0.5035725";"UMP";"Droite";"JeunesAvecCope";"douce2franclieu"
"90894097";"156608013";"0.5406474";"UMP";"Droite";"sophieprimas";"douce2franclieu"
"90894097";"623287251";"0.6507395";"UMP";"Droite";"Fillon2017_75";"douce2franclieu"
"90894097";"47337348";"0.5069280";"UMP";"Droite";"carolinecayeux";"douce2franclieu"
"90894097";"476961717";"0.6851092";"UMP";"Droite";"NicolasBonleux";"douce2franclieu"
"91389823";"110521463";"0.5221172";"Gauche";"PS";"PatricePrat";"nedelecyohann"
"91389823";"520215726";"0.5084696";"PS";"PS";"Guy_Delcourt";"nedelecyohann"
"91442788";"57060162";"0.5195415";"UMP";"Droite";"ABezardin";"ArnaudClement36"
"91442788";"1367398610";"0.5026685";"UMP";"Droite";"Meunier_Ph";"ArnaudClement36"
"92336043";"2443718293";"0.5996652";"FN";"UMP";"nicolasbayfn";"Union_Patriotes"
"92336043";"472412809";"0.7226218";"FN";"UMP";"f_philippot";"Union_Patriotes"
"92336043";"53077778";"0.6406897";"ExtremeDroite";"UMP";"GVZD";"Union_Patriotes"
"92336043";"491560128";"0.7356469";"FN";"UMP";"aurelbx";"Union_Patriotes"
"92336043";"223847367";"0.5575014";"FN";"UMP";"Lilian7130";"Union_Patriotes"
"92336043";"563750397";"0.5145737";"FN";"UMP";"AnnonayPourTous";"Union_Patriotes"
"92336043";"3298739747";"0.6685298";"FN";"UMP";"jeanmarieverani";"Union_Patriotes"
"92336043";"217749896";"0.5179103";"FN";"UMP";"MLP_officiel";"Union_Patriotes"
"92336043";"38170599";"0.5221642";"Droite";"UMP";"dupontaignan";"Union_Patriotes"
"92336043";"632413317";"0.5571782";"FN";"UMP";"ChBoudot";"Union_Patriotes"
"92336043";"316956459";"0.5948893";"FN";"UMP";"louis_aliot";"Union_Patriotes"
"92336043";"2347360369";"0.6457498";"FN";"UMP";"Bernard_Monot";"Union_Patriotes"
"92336043";"39955031";"0.5389848";"UMP";"UMP";"thierry_legac";"Union_Patriotes"
"92336043";"78085410";"0.5865426";"FN";"UMP";"FN_officiel";"Union_Patriotes"
"92336043";"864276409";"0.5437353";"FN";"UMP";"JcPhilipot";"Union_Patriotes"
"92548542";"42372218";"0.5277856";"UMP";"UMP";"mbarbot";"FLefebvre_RF"
"92548542";"232511465";"0.5272243";"UMP";"UMP";"JBLemoyne";"FLefebvre_RF"
"92548542";"49575000";"0.5699033";"Droite";"UMP";"lefret";"FLefebvre_RF"
"92548542";"359979086";"0.5395062";"UMP";"UMP";"jpraffarin";"FLefebvre_RF"
"94302775";"1004071460";"0.7113099";"UMP";"UMP";"agneslebrun";"mamontchamp"
"94302775";"57975246";"0.5141564";"UMP";"UMP";"GilAverous";"mamontchamp"
"94302775";"132465432";"0.5857947";"Droite";"UMP";"ACTIFSPACACORSE,PhilippeMemoli";"mamontchamp"
"94302775";"85541760";"0.7360675";"UMP";"UMP";"SebastienHuyghe";"mamontchamp"
"94302775";"245290570";"0.7309890";"UMP";"UMP";"arnaudjulien34";"mamontchamp"
"94302775";"218144431";"0.6250873";"UMP";"UMP";"Sylvie_Ramond";"mamontchamp"
"94302775";"343884304";"0.5703894";"UMP";"UMP";"C_Frassa";"mamontchamp"
"94302775";"274985153";"0.5877428";"UMP";"UMP";"sdeschiens";"mamontchamp"
"94302775";"147974770";"0.7103781";"UMP";"UMP";"jacky_deromedi";"mamontchamp"
"94302775";"254116862";"0.5147214";"Droite";"UMP";"brunobeschizza";"mamontchamp"
"94302775";"551342517";"0.6085700";"UMP";"UMP";"NatachaBouchart";"mamontchamp"
"94302775";"553627693";"0.6810491";"UMP";"UMP";"danielegiazzi";"mamontchamp"
"94302775";"736811689";"0.7254753";"UMP";"UMP";"ibalkany";"mamontchamp"
"94302775";"538945428";"0.6512761";"UMP";"UMP";"DAUBRESSE_MP";"mamontchamp"
"94302775";"554183197";"0.6769464";"UMP";"UMP";"VLacroute";"mamontchamp"
"94302775";"531550143";"0.6060691";"UMP";"UMP";"DubyMuller";"mamontchamp"
"94302775";"499590213";"0.6305779";"Droite";"UMP";"Stefpernod";"mamontchamp"
"94302775";"296733634";"0.7531076";"UMP";"UMP";"CaVautrin";"mamontchamp"
"94302775";"497074191";"0.6814148";"Droite";"UMP";"ClaudeGreff";"mamontchamp"
"94302775";"485852102";"0.5274344";"UMP";"UMP";"AJoyandet";"mamontchamp"
"94302775";"59800834";"0.6308134";"UMP";"UMP";"brigitte_kuster";"mamontchamp"
"94302775";"490126636";"0.6838856";"UMP";"UMP";"NicolasSarkozy";"mamontchamp"
"94302775";"367926061";"0.7846650";"UMP";"UMP";"DebordValerie";"mamontchamp"
"96090970";"103082651";"0.8547074";"PCF";"PCF";"Slaborde33";"PCF,CNPCF"
"96093611";"551342517";"0.5031520";"UMP";"UMP";"NatachaBouchart";"francoisbaroin"
"96093611";"59800834";"0.5145440";"UMP";"UMP";"brigitte_kuster";"francoisbaroin"
"96093611";"367926061";"0.5313327";"UMP";"UMP";"DebordValerie";"francoisbaroin"
"96093611";"94302775";"0.5674027";"UMP";"UMP";"mamontchamp";"francoisbaroin"
"96093611";"553627693";"0.5227059";"UMP";"UMP";"danielegiazzi";"francoisbaroin"
"96093611";"554183197";"0.5153261";"UMP";"UMP";"VLacroute";"francoisbaroin"
"96111834";"736811689";"0.5149899";"UMP";"UMP";"ibalkany";"marinebrenier"
"96111834";"367926061";"0.6714198";"UMP";"UMP";"DebordValerie";"marinebrenier"
"96111834";"296733634";"0.5891296";"UMP";"UMP";"CaVautrin";"marinebrenier"
"96111834";"94302775";"0.5856332";"UMP";"UMP";"mamontchamp";"marinebrenier"
"96111834";"490126636";"0.5844731";"UMP";"UMP";"NicolasSarkozy";"marinebrenier"
"96111834";"551342517";"0.5414469";"UMP";"UMP";"NatachaBouchart";"marinebrenier"
"96111834";"147974770";"0.5705427";"UMP";"UMP";"jacky_deromedi";"marinebrenier"
"96111834";"553627693";"0.5776048";"UMP";"UMP";"danielegiazzi";"marinebrenier"
"96111834";"538945428";"0.6663152";"UMP";"UMP";"DAUBRESSE_MP";"marinebrenier"
"96111834";"254116862";"0.5257987";"Droite";"UMP";"brunobeschizza";"marinebrenier"
"96111834";"85541760";"0.5861390";"UMP";"UMP";"SebastienHuyghe";"marinebrenier"
"96111834";"245290570";"0.5022015";"UMP";"UMP";"arnaudjulien34";"marinebrenier"
"96111834";"83784709";"0.5294241";"UMP";"UMP";"cestrosi";"marinebrenier"
"96111834";"554183197";"0.5816076";"UMP";"UMP";"VLacroute";"marinebrenier"
"968174864";"392792965";"0.6315861";"PS";"PS";"OliviaPolski";"PSClamart"
"968174864";"19900973";"0.6981721";"PS";"PS";"partisocialiste";"PSClamart"
"968174864";"14658057";"0.7301985";"PS";"PS";"jccambadelis";"PSClamart"
"968174864";"198828368";"0.5889999";"PS";"PS";"ideashumanumest";"PSClamart"
"968174864";"484861662";"0.6793878";"PS";"PS";"PSSarthe";"PSClamart"
"968174864";"78011870";"0.5175068";"PS";"PS";"christine_frey1";"PSClamart"
"968174864";"269822892";"0.5780380";"PS";"PS";"CorinneNara";"PSClamart"
"968174864";"29460450";"0.5666876";"PS";"PS";"mdesgayets";"PSClamart"
"968174864";"118341297";"0.5539820";"PS";"PS";"Rita_Maalouf_";"PSClamart"
"968174864";"21302947";"0.5192330";"PS";"PS";"PierreKanuty";"PSClamart"
"968174864";"299749328";"0.5177126";"PS";"PS";"yannicktrigance";"PSClamart"
"988901948";"436780101";"0.5928369";"centre";"Gauche";"BertrandPancher";"deputesFdG"
"988901948";"75597552";"0.5408929";"UMP";"Gauche";"DeputeTardy";"deputesFdG"
"988901948";"1543186440";"0.7052959";"centre";"Gauche";"udi_an";"deputesFdG"
"988901948";"49575000";"0.7041624";"Droite";"Gauche";"lefret";"deputesFdG"
"995004926";"1894416624";"0.5142511";"FN";"Droite";"FCoolzaet";"alexandrineRag"
"999586447";"392792965";"0.6299892";"PS";"PS";"OliviaPolski";"PS_Tarn81,PSocialisteTarn"
"999586447";"484861662";"0.6208055";"PS";"PS";"PSSarthe";"PS_Tarn81,PSocialisteTarn"
"999586447";"19900973";"0.6567963";"PS";"PS";"partisocialiste";"PS_Tarn81,PSocialisteTarn"
"999586447";"508897066";"0.6066025";"PS";"PS";"RichardBouigue";"PS_Tarn81,PSocialisteTarn"
"999586447";"1005885764";"0.6315312";"PS";"PS";"angersps";"PS_Tarn81,PSocialisteTarn"
"999586447";"118341297";"0.5611908";"PS";"PS";"Rita_Maalouf_";"PS_Tarn81,PSocialisteTarn"
"999586447";"968174864";"0.5332005";"PS";"PS";"PSClamart";"PS_Tarn81,PSocialisteTarn"
